offspring_table,fitness
offspring_0_0,38.83122519
offspring_0_1,32.07131984
offspring_0_2,26.04108978
offspring_0_3,36.27246061
offspring_0_4,24.74005131
offspring_0_5,33.24745583
offspring_0_6,26.6226227
offspring_0_7,32.34457274
offspring_0_8,28.94572042
offspring_0_9,40.35655935
offspring_0_10,31.02589241
offspring_0_11,30.31853643
offspring_0_12,36.05835197
offspring_0_13,38.79740815
offspring_0_14,47.3218044
offspring_0_15,40.70497911
offspring_0_16,29.38661951
offspring_0_17,46.49539363
offspring_0_18,39.8700664
offspring_0_19,32.5461001
offspring_0_20,37.32050069
offspring_0_21,31.88248297
offspring_0_22,36.6930497
offspring_0_23,26.10764723
offspring_0_24,29.66853903
offspring_0_25,37.17208093
offspring_0_26,37.56189386
offspring_0_27,40.84740556
offspring_0_28,36.15192871
offspring_0_29,31.89185347
offspring_0_30,28.79844143
offspring_0_31,33.49272031
offspring_1_0,46.50478313
offspring_1_1,45.80603193
offspring_1_2,40.15804386
offspring_1_3,39.99008549
offspring_1_4,39.48847425
offspring_1_5,39.07857703
offspring_1_6,38.03973583
offspring_1_7,29.37385558
offspring_1_8,37.87825922
offspring_1_9,35.36043935
offspring_1_10,28.56959823
offspring_1_11,53.51063406
offspring_1_12,35.85049651
offspring_1_13,35.35331167
offspring_1_14,31.07557516
offspring_1_15,35.06260729
offspring_1_16,32.37937073
offspring_1_17,32.37937073
offspring_1_18,36.56482012
offspring_1_19,29.97704532
offspring_1_20,37.14953683
offspring_1_21,44.99302971
offspring_1_22,37.84032147
offspring_1_23,30.89490953
offspring_1_24,32.98115954
offspring_1_25,25.98025217
offspring_1_26,38.14280649
offspring_1_27,77.25353129
offspring_1_28,31.61437555
offspring_1_29,42.11418724
offspring_1_30,32.78513139
offspring_1_31,80.197529
offspring_2_0,80.197529
offspring_2_1,77.25353129
offspring_2_2,53.51063406
offspring_2_3,46.50478313
offspring_2_4,45.80603193
offspring_2_5,44.99302971
offspring_2_6,42.11418724
offspring_2_7,35.35331167
offspring_2_8,36.56482012
offspring_2_9,40.15804386
offspring_2_10,39.99008549
offspring_2_11,32.37937073
offspring_2_12,35.85049651
offspring_2_13,39.48847425
offspring_2_14,30.89490953
offspring_2_15,28.56959823
offspring_2_16,38.7268996
offspring_2_17,37.34718291
offspring_2_18,33.16829916
offspring_2_19,38.87104608
offspring_2_20,42.17315735
offspring_2_21,72.39151902
offspring_2_22,38.84585385
offspring_2_23,42.16989968
offspring_2_24,40.02261429
offspring_2_25,42.62693321
offspring_2_26,37.74046851
offspring_2_27,36.6159755
offspring_2_28,51.87963089
offspring_2_29,74.19753464
offspring_2_30,41.42495895
offspring_2_31,84.18345961
offspring_3_0,84.18345961
offspring_3_1,80.197529
offspring_3_2,77.25353129
offspring_3_3,74.19753464
offspring_3_4,72.39151902
offspring_3_5,53.51063406
offspring_3_6,51.87963089
offspring_3_7,46.50478313
offspring_3_8,42.16989968
offspring_3_9,35.35331167
offspring_3_10,42.17315735
offspring_3_11,38.87104608
offspring_3_12,42.11418724
offspring_3_13,40.15804386
offspring_3_14,32.37937073
offspring_3_15,38.7268996
offspring_3_16,29.98445157
offspring_3_17,37.42326789
offspring_3_18,48.95129585
offspring_3_19,30.47835642
offspring_3_20,68.49157494
offspring_3_21,36.5276207
offspring_3_22,64.93908223
offspring_3_23,69.99720089
offspring_3_24,41.28110233
offspring_3_25,52.51357828
offspring_3_26,42.23807866
offspring_3_27,37.52146833
offspring_3_28,75.18788601
offspring_3_29,72.50145621
offspring_3_30,39.36076311
offspring_3_31,81.55152111
offspring_4_0,84.18345961
offspring_4_1,81.55152111
offspring_4_2,80.197529
offspring_4_3,77.25353129
offspring_4_4,75.18788601
offspring_4_5,74.19753464
offspring_4_6,72.50145621
offspring_4_7,72.39151902
offspring_4_8,39.36076311
offspring_4_9,68.49157494
offspring_4_10,48.95129585
offspring_4_11,69.99720089
offspring_4_12,53.51063406
offspring_4_13,41.28110233
offspring_4_14,42.23807866
offspring_4_15,38.87104608
offspring_4_16,40.9732253
offspring_4_17,77.02205531
offspring_4_18,72.85133846
offspring_4_19,38.14002697
offspring_4_20,44.21666096
offspring_4_21,70.7187081
offspring_4_22,51.51563408
offspring_4_23,42.63315945
offspring_4_24,75.99032308
offspring_4_25,73.84942706
offspring_4_26,38.09491518
offspring_4_27,75.23620423
offspring_4_28,61.23717954
offspring_4_29,75.24443268
offspring_4_30,60.07719744
offspring_4_31,97.77427148
offspring_5_0,97.77427148
offspring_5_1,84.18345961
offspring_5_2,81.55152111
offspring_5_3,80.197529
offspring_5_4,77.25353129
offspring_5_5,77.02205531
offspring_5_6,75.99032308
offspring_5_7,72.85133846
offspring_5_8,60.07719744
offspring_5_9,72.39151902
offspring_5_10,75.18788601
offspring_5_11,68.49157494
offspring_5_12,75.24443268
offspring_5_13,72.50145621
offspring_5_14,75.23620423
offspring_5_15,70.7187081
offspring_5_16,40.46752778
offspring_5_17,68.78283007
offspring_5_18,69.16505177
offspring_5_19,51.80595343
offspring_5_20,69.31882688
offspring_5_21,62.94636768
offspring_5_22,74.55580004
offspring_5_23,70.23220877
offspring_5_24,87.66478319
offspring_5_25,68.1279342
offspring_5_26,67.71398156
offspring_5_27,71.7470036
offspring_5_28,71.00594418
offspring_5_29,69.99243713
offspring_5_30,76.79939011
offspring_5_31,93.74083357
offspring_6_0,97.77427148
offspring_6_1,93.74083357
offspring_6_2,87.66478319
offspring_6_3,84.18345961
offspring_6_4,81.55152111
offspring_6_5,80.197529
offspring_6_6,77.25353129
offspring_6_7,71.7470036
offspring_6_8,60.07719744
offspring_6_9,74.55580004
offspring_6_10,77.02205531
offspring_6_11,70.23220877
offspring_6_12,75.99032308
offspring_6_13,75.18788601
offspring_6_14,71.00594418
offspring_6_15,68.1279342
offspring_6_16,66.40032619
offspring_6_17,63.66045271
offspring_6_18,83.87227927
offspring_6_19,74.99395885
offspring_6_20,85.47840802
offspring_6_21,76.40314699
offspring_6_22,84.66969805
offspring_6_23,75.70274964
offspring_6_24,62.05288378
offspring_6_25,67.65399455
offspring_6_26,62.16518851
offspring_6_27,73.24928162
offspring_6_28,77.69551447
offspring_6_29,72.92511469
offspring_6_30,70.42750425
offspring_6_31,91.97141708
offspring_7_0,97.77427148
offspring_7_1,93.74083357
offspring_7_2,91.97141708
offspring_7_3,87.66478319
offspring_7_4,85.47840802
offspring_7_5,84.66969805
offspring_7_6,84.18345961
offspring_7_7,76.40314699
offspring_7_8,77.69551447
offspring_7_9,75.99032308
offspring_7_10,77.02205531
offspring_7_11,75.70274964
offspring_7_12,83.87227927
offspring_7_13,81.55152111
offspring_7_14,60.07719744
offspring_7_15,71.00594418
offspring_7_16,75.99317619
offspring_7_17,76.68044616
offspring_7_18,69.53166875
offspring_7_19,76.42586374
offspring_7_20,71.61631825
offspring_7_21,83.05787613
offspring_7_22,69.04179425
offspring_7_23,69.85697005
offspring_7_24,93.44083357
offspring_7_25,76.00274965
offspring_7_26,84.67625241
offspring_7_27,77.59495778
offspring_7_28,56.50077075
offspring_7_29,74.6684449
offspring_7_30,65.28985823
offspring_7_31,92.42103307
offspring_8_0,97.77427148
offspring_8_1,93.74083357
offspring_8_2,93.44083357
offspring_8_3,92.42103307
offspring_8_4,91.97141708
offspring_8_5,87.66478319
offspring_8_6,85.47840802
offspring_8_7,76.40314699
offspring_8_8,84.67625241
offspring_8_9,77.69551447
offspring_8_10,71.00594418
offspring_8_11,77.02205531
offspring_8_12,83.05787613
offspring_8_13,84.66969805
offspring_8_14,76.42586374
offspring_8_15,84.18345961
offspring_8_16,69.20296433
offspring_8_17,80.70600603
offspring_8_18,80.71802061
offspring_8_19,70.65292174
offspring_8_20,90.466258
offspring_8_21,76.40234636
offspring_8_22,88.08893651
offspring_8_23,69.79799355
offspring_8_24,70.36431271
offspring_8_25,83.1100923
offspring_8_26,77.1773029
offspring_8_27,76.04276392
offspring_8_28,83.9409131
offspring_8_29,80.17187164
offspring_8_30,86.24957379
offspring_8_31,99.78509912
offspring_9_0,99.78509912
offspring_9_1,97.77427148
offspring_9_2,93.74083357
offspring_9_3,93.44083357
offspring_9_4,92.42103307
offspring_9_5,91.97141708
offspring_9_6,90.466258
offspring_9_7,87.66478319
offspring_9_8,86.24957379
offspring_9_9,84.18345961
offspring_9_10,76.04276392
offspring_9_11,84.67625241
offspring_9_12,85.47840802
offspring_9_13,87.87697915
offspring_9_14,80.17187164
offspring_9_15,71.00594418
offspring_9_16,80.06249083
offspring_9_17,78.21572825
offspring_9_18,68.42656124
offspring_9_19,73.49454885
offspring_9_20,85.96048096
offspring_9_21,85.96053223
offspring_9_22,79.91264091
offspring_9_23,91.77428815
offspring_9_24,80.90482574
offspring_9_25,93.52008106
offspring_9_26,96.46271146
offspring_9_27,89.78173959
offspring_9_28,72.53483691
offspring_9_29,96.15940815
offspring_9_30,82.31293542
offspring_9_31,91.33421201
offspring_10_0,99.78509912
offspring_10_1,97.77427148
offspring_10_2,96.46271146
offspring_10_3,96.15940815
offspring_10_4,93.21930276
offspring_10_5,93.52008106
offspring_10_6,93.44083357
offspring_10_7,78.21572825
offspring_10_8,91.33421201
offspring_10_9,91.97141708
offspring_10_10,87.19417947
offspring_10_11,91.77428815
offspring_10_12,87.87697915
offspring_10_13,85.47840802
offspring_10_14,80.06249083
offspring_10_15,98.37480457
offspring_10_16,90.686126
offspring_10_17,85.88038895
offspring_10_18,83.87826693
offspring_10_19,77.01107529
offspring_10_20,87.57972506
offspring_10_21,93.87596226
offspring_10_22,86.95924909
offspring_10_23,92.3130429
offspring_10_24,86.80793668
offspring_10_25,87.28767568
offspring_10_26,80.89936651
offspring_10_27,97.45945972
offspring_10_28,91.77428815
offspring_10_29,93.44083357
offspring_10_30,70.41161403
offspring_10_31,99.90490526
offspring_11_0,99.90490526
offspring_11_1,99.78509912
offspring_11_2,98.37480457
offspring_11_3,97.77427148
offspring_11_4,97.45945972
offspring_11_5,96.46271146
offspring_11_6,96.15940815
offspring_11_7,87.19417947
offspring_11_8,92.3130429
offspring_11_9,90.686126
offspring_11_10,87.28767568
offspring_11_11,93.44083357
offspring_11_12,93.52008106
offspring_11_13,91.77428815
offspring_11_14,91.97141708
offspring_11_15,77.01107529
offspring_11_16,78.21572825
offspring_11_17,78.21572825
offspring_11_18,99.71428606
offspring_11_19,96.20673278
offspring_11_20,89.09479773
offspring_11_21,98.44234327
offspring_11_22,80.16780768
offspring_11_23,89.26735413
offspring_11_24,88.89592211
offspring_11_25,78.68525917
offspring_11_26,98.86787518
offspring_11_27,93.05604297
offspring_11_28,88.85548657
offspring_11_29,92.61715713
offspring_11_30,85.61175077
offspring_11_31,95.23190604
offspring_12_0,99.90490526
offspring_12_1,99.78509912
offspring_12_2,99.71428606
offspring_12_3,98.86787518
offspring_12_4,98.44234327
offspring_12_5,98.37480457
offspring_12_6,97.77427148
offspring_12_7,91.97141708
offspring_12_8,96.46271146
offspring_12_9,88.85548657
offspring_12_10,97.45945972
offspring_12_11,93.05604297
offspring_12_12,89.26735413
offspring_12_13,96.15940815
offspring_12_14,77.01107529
offspring_12_15,88.89592211
offspring_12_16,89.09479773
offspring_12_17,89.09479773
offspring_12_18,95.75137235
offspring_12_19,97.57545178
offspring_12_20,92.11091525
offspring_12_21,76.28554338
offspring_12_22,86.64887501
offspring_12_23,82.51006434
offspring_12_24,95.96246753
offspring_12_25,99.0729827
offspring_12_26,99.90490526
offspring_12_27,96.46271146
offspring_12_28,97.60501839
offspring_12_29,96.31033089
offspring_12_30,94.76851676
offspring_12_31,103.25330735
offspring_13_0,103.25330735
offspring_13_1,99.90490526
offspring_13_2,99.90490526
offspring_13_3,99.78509912
offspring_13_4,99.71428606
offspring_13_5,99.0729827
offspring_13_6,98.86787518
offspring_13_7,98.44234327
offspring_13_8,95.96246753
offspring_13_9,95.75137235
offspring_13_10,97.60501839
offspring_13_11,96.46271146
offspring_13_12,96.31033089
offspring_13_13,92.11091525
offspring_13_14,88.89592211
offspring_13_15,76.28554338
offspring_13_16,88.35617378
offspring_13_17,94.49310695
offspring_13_18,95.93844502
offspring_13_19,100.30391198
offspring_13_20,78.84990957
offspring_13_21,98.20609121
offspring_13_22,92.11091525
offspring_13_23,95.75137235
offspring_13_24,93.97273847
offspring_13_25,92.06063971
offspring_13_26,92.67506646
offspring_13_27,96.50622666
offspring_13_28,96.38012805
offspring_13_29,95.05209345
offspring_13_30,99.78509912
offspring_13_31,98.32833184
offspring_14_0,103.25330735
offspring_14_1,100.30391198
offspring_14_2,99.90490526
offspring_14_3,99.90490526
offspring_14_4,99.78509912
offspring_14_5,99.78509912
offspring_14_6,99.71428606
offspring_14_7,95.96246753
offspring_14_8,98.44234327
offspring_14_9,95.75137235
offspring_14_10,96.31033089
offspring_14_11,98.20609121
offspring_14_12,99.0729827
offspring_14_13,94.49310695
offspring_14_14,97.60501839
offspring_14_15,95.93844502
offspring_14_16,96.58138223
offspring_14_17,95.76397693
offspring_14_18,98.34008452
offspring_14_19,93.55075409
offspring_14_20,97.51883153
offspring_14_21,96.15315394
offspring_14_22,103.21968807
offspring_14_23,95.85747315
offspring_14_24,94.87050896
offspring_14_25,91.53010213
offspring_14_26,97.29461071
offspring_14_27,96.22369481
offspring_14_28,99.0615022
offspring_14_29,98.2315436
offspring_14_30,95.19730071
offspring_14_31,105.11410805
offspring_15_0,105.11410805
offspring_15_1,103.25330735
offspring_15_2,103.21968807
offspring_15_3,100.30391198
offspring_15_4,99.90490526
offspring_15_5,99.90490526
offspring_15_6,99.78509912
offspring_15_7,96.31033089
offspring_15_8,98.2315436
offspring_15_9,99.78509912
offspring_15_10,99.0615022
offspring_15_11,95.93844502
offspring_15_12,96.58138223
offspring_15_13,99.71428606
offspring_15_14,95.96246753
offspring_15_15,95.19730071
offspring_15_16,95.68467352
offspring_15_17,96.00437118
offspring_15_18,100.29597803
offspring_15_19,91.79557039
offspring_15_20,95.07235879
offspring_15_21,90.40501839
offspring_15_22,99.08147305
offspring_15_23,96.38257382
offspring_15_24,98.46534988
offspring_15_25,96.42468245
offspring_15_26,93.94013608
offspring_15_27,98.68058725
offspring_15_28,99.14766111
offspring_15_29,102.11157275
offspring_15_30,99.78509912
offspring_15_31,101.0583533
offspring_16_0,105.11410805
offspring_16_1,103.25330735
offspring_16_2,103.21968807
offspring_16_3,102.11157275
offspring_16_4,101.0583533
offspring_16_5,100.30391198
offspring_16_6,100.29597803
offspring_16_7,96.58138223
offspring_16_8,96.42468245
offspring_16_9,99.90490526
offspring_16_10,99.08147305
offspring_16_11,96.00437118
offspring_16_12,99.14766111
offspring_16_13,99.78509912
offspring_16_14,99.0615022
offspring_16_15,95.07235879
offspring_16_16,100.9077307
offspring_16_17,104.41402851
offspring_16_18,103.00635774
offspring_16_19,103.46663768
offspring_16_20,95.08657491
offspring_16_21,94.54646952
offspring_16_22,99.11401387
offspring_16_23,98.70901949
offspring_16_24,96.11237337
offspring_16_25,100.45534549
offspring_16_26,101.59114834
offspring_16_27,99.59942272
offspring_16_28,99.05305748
offspring_16_29,98.78090536
offspring_16_30,97.288061
offspring_16_31,104.56465111
offspring_17_0,105.11410805
offspring_17_1,104.56465111
offspring_17_2,104.41402851
offspring_17_3,103.46663768
offspring_17_4,103.25330735
offspring_17_5,103.21968807
offspring_17_6,103.00635774
offspring_17_7,100.30391198
offspring_17_8,99.78509912
offspring_17_9,97.288061
offspring_17_10,95.07235879
offspring_17_11,100.29597803
offspring_17_12,99.90490526
offspring_17_13,96.58138223
offspring_17_14,99.14766111
offspring_17_15,98.70901949
offspring_17_16,99.49001397
offspring_17_17,93.95303517
offspring_17_18,98.0671774
offspring_17_19,100.59573945
offspring_17_20,97.35997019
offspring_17_21,102.45896359
offspring_17_22,102.60219195
offspring_17_23,103.60996586
offspring_17_24,96.65168452
offspring_17_25,99.92567574
offspring_17_26,98.70901949
offspring_17_27,99.14766111
offspring_17_28,101.78695459
offspring_17_29,101.29522897
offspring_17_30,99.87397598
offspring_17_31,105.73809795
offspring_18_0,105.73809795
offspring_18_1,105.11410805
offspring_18_2,104.56465111
offspring_18_3,104.41402851
offspring_18_4,103.60996586
offspring_18_5,103.46663768
offspring_18_6,103.25330735
offspring_18_7,99.90490526
offspring_18_8,103.00635774
offspring_18_9,100.30391198
offspring_18_10,101.78695459
offspring_18_11,103.21968807
offspring_18_12,102.45896359
offspring_18_13,99.78509912
offspring_18_14,98.70901949
offspring_18_15,99.14766111
offspring_18_16,96.54776296
offspring_18_17,105.98096692
offspring_18_18,99.26994563
offspring_18_19,100.32250887
offspring_18_20,102.08829959
offspring_18_21,96.03059059
offspring_18_22,98.70901949
offspring_18_23,99.90490526
offspring_18_24,105.11410805
offspring_18_25,104.41402851
offspring_18_26,99.72033528
offspring_18_27,100.71552228
offspring_18_28,99.60904181
offspring_18_29,94.916454
offspring_18_30,103.60996586
offspring_18_31,106.29658396
offspring_19_0,106.29658396
offspring_19_1,105.98096692
offspring_19_2,105.73809795
offspring_19_3,105.11410805
offspring_19_4,105.11410805
offspring_19_5,104.56465111
offspring_19_6,104.41402851
offspring_19_7,101.78695459
offspring_19_8,100.30391198
offspring_19_9,102.45896359
offspring_19_10,99.90490526
offspring_19_11,103.46663768
offspring_19_12,103.25330735
offspring_19_13,104.41402851
offspring_19_14,99.26994563
offspring_19_15,99.14766111
offspring_19_16,103.60996586
offspring_19_17,105.11410805
offspring_19_18,105.76462315
offspring_19_19,103.30996585
offspring_19_20,105.83933981
offspring_19_21,105.30499943
offspring_19_22,103.24099827
offspring_19_23,101.79926367
offspring_19_24,97.48416176
offspring_19_25,101.67519424
offspring_19_26,100.51122667
offspring_19_27,100.51968807
offspring_19_28,105.37387284
offspring_19_29,103.33842606
offspring_19_30,96.61649195
offspring_19_31,104.75932862
offspring_20_0,106.29658396
offspring_20_1,105.98096692
offspring_20_2,105.83933981
offspring_20_3,105.76462315
offspring_20_4,105.73809795
offspring_20_5,105.37387284
offspring_20_6,105.30499943
offspring_20_7,102.17290752
offspring_20_8,104.56465111
offspring_20_9,105.11410805
offspring_20_10,105.11410805
offspring_20_11,101.78695459
offspring_20_12,103.46663768
offspring_20_13,105.11410805
offspring_20_14,97.48416176
offspring_20_15,104.75932862
offspring_20_16,100.51122667
offspring_20_17,100.51122667
offspring_20_18,101.42782701
offspring_20_19,103.38634533
offspring_20_20,104.14132638
offspring_20_21,104.17276643
offspring_20_22,100.42560185
offspring_20_23,103.68494442
offspring_20_24,103.59625021
offspring_20_25,105.63563886
offspring_20_26,105.98096692
offspring_20_27,101.44099827
offspring_20_28,104.793276
offspring_20_29,104.88840707
offspring_20_30,101.11703633
offspring_20_31,106.893276
offspring_21_0,106.893276
offspring_21_1,106.29658396
offspring_21_2,105.98096692
offspring_21_3,105.98096692
offspring_21_4,105.83933981
offspring_21_5,105.76462315
offspring_21_6,105.73809795
offspring_21_7,105.11410805
offspring_21_8,105.11410805
offspring_21_9,105.11410805
offspring_21_10,104.88840707
offspring_21_11,105.30499943
offspring_21_12,104.14132638
offspring_21_13,104.17276643
offspring_21_14,105.37387284
offspring_21_15,100.51122667
offspring_21_16,100.86156376
offspring_21_17,103.34387499
offspring_21_18,104.24414718
offspring_21_19,105.49061426
offspring_21_20,104.2085929
offspring_21_21,105.1387262
offspring_21_22,104.46868581
offspring_21_23,101.59934319
offspring_21_24,97.7704574
offspring_21_25,98.65549093
offspring_21_26,105.38758284
offspring_21_27,106.02310916
offspring_21_28,105.43809795
offspring_21_29,104.86715844
offspring_21_30,104.61767355
offspring_21_31,106.86973066
offspring_22_0,106.893276
offspring_22_1,106.86973066
offspring_22_2,106.29658396
offspring_22_3,106.02310916
offspring_22_4,105.98096692
offspring_22_5,105.98096692
offspring_22_6,105.83933981
offspring_22_7,105.1387262
offspring_22_8,105.49061426
offspring_22_9,104.88840707
offspring_22_10,105.76462315
offspring_22_11,104.2085929
offspring_22_12,105.43809795
offspring_22_13,101.59934319
offspring_22_14,105.73809795
offspring_22_15,104.86715844
offspring_22_16,105.39768474
offspring_22_17,106.5640711
offspring_22_18,106.11060742
offspring_22_19,104.21217304
offspring_22_20,105.41157275
offspring_22_21,100.04215061
offspring_22_22,105.1138079
offspring_22_23,104.97510471
offspring_22_24,104.95247747
offspring_22_25,104.36578112
offspring_22_26,104.86715844
offspring_22_27,105.39768474
offspring_22_28,104.53509013
offspring_22_29,105.27433205
offspring_22_30,103.57712488
offspring_22_31,105.29506992
offspring_23_0,106.893276
offspring_23_1,106.86973066
offspring_23_2,106.5640711
offspring_23_3,106.29658396
offspring_23_4,106.11060742
offspring_23_5,106.02310916
offspring_23_6,105.98096692
offspring_23_7,104.97510471
offspring_23_8,105.41157275
offspring_23_9,105.1387262
offspring_23_10,104.95247747
offspring_23_11,104.2085929
offspring_23_12,105.98096692
offspring_23_13,105.76462315
offspring_23_14,104.53509013
offspring_23_15,104.36578112
offspring_23_16,105.07634658
offspring_23_17,106.53122449
offspring_23_18,102.83412481
offspring_23_19,100.14884141
offspring_23_20,104.3291484
offspring_23_21,105.35148419
offspring_23_22,103.65863548
offspring_23_23,101.98937675
offspring_23_24,103.47704535
offspring_23_25,104.18808332
offspring_23_26,106.11060742
offspring_23_27,106.86973066
offspring_23_28,104.02455135
offspring_23_29,105.42749558
offspring_23_30,102.60955822
offspring_23_31,106.86707327
offspring_24_0,106.893276
offspring_24_1,106.86973066
offspring_24_2,106.86973066
offspring_24_3,106.86707327
offspring_24_4,106.5640711
offspring_24_5,106.53122449
offspring_24_6,106.29658396
offspring_24_7,103.65863548
offspring_24_8,105.35148419
offspring_24_9,105.98096692
offspring_24_10,105.42749558
offspring_24_11,105.98096692
offspring_24_12,104.95247747
offspring_24_13,105.37301065
offspring_24_14,102.83412481
offspring_24_15,103.79506991
offspring_24_16,106.11060742
offspring_24_17,105.76462315
offspring_24_18,105.99658396
offspring_24_19,105.72749557
offspring_24_20,104.20039804
offspring_24_21,100.95314829
offspring_24_22,104.84966232
offspring_24_23,103.6033779
offspring_24_24,103.92780775
offspring_24_25,101.03930621
offspring_24_26,105.98096692
offspring_24_27,106.86973066
offspring_24_28,102.49448991
offspring_24_29,100.96799267
offspring_24_30,104.23845402
offspring_24_31,103.2684639
offspring_25_0,106.893276
offspring_25_1,106.86973066
offspring_25_2,106.86973066
offspring_25_3,106.86973066
offspring_25_4,106.86707327
offspring_25_5,106.5640711
offspring_25_6,106.53122449
offspring_25_7,106.11060742
offspring_25_8,103.6033779
offspring_25_9,106.29658396
offspring_25_10,105.37301065
offspring_25_11,104.95247747
offspring_25_12,105.76462315
offspring_25_13,105.99658396
offspring_25_14,103.65863548
offspring_25_15,105.72749557
offspring_25_16,105.18137456
offspring_25_17,105.92871715
offspring_25_18,102.14414717
offspring_25_19,105.7198012
offspring_25_20,107.48096693
offspring_25_21,105.1145526
offspring_25_22,106.54491217
offspring_25_23,106.08849096
offspring_25_24,105.81060742
offspring_25_25,106.27005876
offspring_25_26,106.8640711
offspring_25_27,105.99658396
offspring_25_28,105.68454707
offspring_25_29,101.57666004
offspring_25_30,104.58405426
offspring_25_31,107.66371374
offspring_26_0,107.66371374
offspring_26_1,107.48096693
offspring_26_2,106.893276
offspring_26_3,106.86973066
offspring_26_4,106.86973066
offspring_26_5,106.86973066
offspring_26_6,106.86707327
offspring_26_7,105.99658396
offspring_26_8,105.37301065
offspring_26_9,106.8640711
offspring_26_10,106.08849096
offspring_26_11,105.68454707
offspring_26_12,106.5640711
offspring_26_13,104.95247747
offspring_26_14,105.92871715
offspring_26_15,105.1145526
offspring_26_16,104.19053474
offspring_26_17,107.80733178
offspring_26_18,107.1905963
offspring_26_19,105.03149668
offspring_26_20,102.73509013
offspring_26_21,104.13175857
offspring_26_22,104.31060742
offspring_26_23,107.60977884
offspring_26_24,105.53635432
offspring_26_25,104.49031847
offspring_26_26,102.82398932
offspring_26_27,106.32943057
offspring_26_28,107.51080009
offspring_26_29,102.88743146
offspring_26_30,107.13310357
offspring_26_31,106.1464562
offspring_27_0,107.80733178
offspring_27_1,107.66371374
offspring_27_2,107.60977884
offspring_27_3,107.51080009
offspring_27_4,107.48096693
offspring_27_5,107.1905963
offspring_27_6,107.13310357
offspring_27_7,106.5640711
offspring_27_8,105.53635432
offspring_27_9,106.86973066
offspring_27_10,106.32943057
offspring_27_11,105.92871715
offspring_27_12,106.893276
offspring_27_13,106.86707327
offspring_27_14,104.19053474
offspring_27_15,104.31060742
offspring_27_16,103.87083143
offspring_27_17,104.09975647
offspring_27_18,103.30174304
offspring_27_19,102.95309108
offspring_27_20,107.03821108
offspring_27_21,106.11501616
offspring_27_22,105.73627479
offspring_27_23,106.69067583
offspring_27_24,103.20061866
offspring_27_25,104.44403969
offspring_27_26,107.41735414
offspring_27_27,103.91073852
offspring_27_28,107.60977884
offspring_27_29,106.86973066
offspring_27_30,105.94246076
offspring_27_31,105.06024109
offspring_28_0,107.80733178
offspring_28_1,107.66371374
offspring_28_2,107.60977884
offspring_28_3,107.60977884
offspring_28_4,107.51080009
offspring_28_5,107.48096693
offspring_28_6,107.41735414
offspring_28_7,107.1905963
offspring_28_8,105.94246076
offspring_28_9,104.44403969
offspring_28_10,106.32943057
offspring_28_11,107.13310357
offspring_28_12,105.06024109
offspring_28_13,106.86973066
offspring_28_14,107.03821108
offspring_28_15,106.893276
offspring_28_16,106.39672506
offspring_28_17,103.86779566
offspring_28_18,106.80804085
offspring_28_19,102.41458056
offspring_28_20,103.91870043
offspring_28_21,106.05734076
offspring_28_22,108.10451227
offspring_28_23,106.98623349
offspring_28_24,104.23509014
offspring_28_25,104.22206431
offspring_28_26,105.93017963
offspring_28_27,102.20597678
offspring_28_28,106.72625807
offspring_28_29,107.47779877
offspring_28_30,104.99811133
offspring_28_31,107.68828163
offspring_29_0,108.10451227
offspring_29_1,107.80733178
offspring_29_2,107.68828163
offspring_29_3,107.66371374
offspring_29_4,107.60977884
offspring_29_5,107.60977884
offspring_29_6,107.51080009
offspring_29_7,106.86973066
offspring_29_8,104.44403969
offspring_29_9,106.893276
offspring_29_10,106.32943057
offspring_29_11,106.05734076
offspring_29_12,107.41735414
offspring_29_13,106.98623349
offspring_29_14,108.98320207
offspring_29_15,107.03821108
offspring_29_16,107.47779877
offspring_29_17,107.80733178
offspring_29_18,105.1282962
offspring_29_19,106.21972168
offspring_29_20,106.98623349
offspring_29_21,107.60977884
offspring_29_22,107.41735414
offspring_29_23,107.47779877
offspring_29_24,107.60977884
offspring_29_25,106.86973066
offspring_29_26,106.11359292
offspring_29_27,104.89719757
offspring_29_28,105.41792212
offspring_29_29,105.75264782
offspring_29_30,104.58494442
offspring_29_31,105.43895449
offspring_30_0,108.98320207
offspring_30_1,108.10451227
offspring_30_2,107.80733178
offspring_30_3,107.80733178
offspring_30_4,107.68828163
offspring_30_5,107.66371374
offspring_30_6,107.60977884
offspring_30_7,107.47779877
offspring_30_8,107.51080009
offspring_30_9,107.03821108
offspring_30_10,107.60977884
offspring_30_11,105.1282962
offspring_30_12,106.86973066
offspring_30_13,107.60977884
offspring_30_14,106.98623349
offspring_30_15,105.41792212
offspring_30_16,104.45589857
offspring_30_17,103.21257167
offspring_30_18,107.40556148
offspring_30_19,105.23302404
offspring_30_20,105.47591533
offspring_30_21,106.99728146
offspring_30_22,104.71759837
offspring_30_23,105.76989406
offspring_30_24,107.60977884
offspring_30_25,106.86973066
offspring_30_26,104.77331081
offspring_30_27,106.34224013
offspring_30_28,105.77483688
offspring_30_29,106.47513832
offspring_30_30,105.88905429
offspring_30_31,108.64743153
offspring_31_0,108.98320207
offspring_31_1,108.64743153
offspring_31_2,108.10451227
offspring_31_3,107.80733178
offspring_31_4,107.80733178
offspring_31_5,107.68828163
offspring_31_6,107.66371374
offspring_31_7,107.60977884
offspring_31_8,107.03821108
offspring_31_9,106.99728146
offspring_31_10,107.51080009
offspring_31_11,107.60977884
offspring_31_12,106.47513832
offspring_31_13,107.60977884
offspring_31_14,105.47591533
offspring_31_15,107.47779877
offspring_31_16,105.93122449
offspring_31_17,104.29531849
offspring_31_18,107.60977884
offspring_31_19,107.60977884
offspring_31_20,107.45041138
offspring_31_21,107.21058381
offspring_31_22,105.94280089
offspring_31_23,106.69857617
offspring_31_24,109.20061867
offspring_31_25,104.91990869
offspring_31_26,106.74861312
offspring_31_27,106.76473628
offspring_31_28,106.29109678
offspring_31_29,107.63611573
offspring_31_30,105.86396362
offspring_31_31,106.02775183
offspring_32_0,109.20061867
offspring_32_1,108.98320207
offspring_32_2,108.64743153
offspring_32_3,108.10451227
offspring_32_4,107.80733178
offspring_32_5,107.80733178
offspring_32_6,107.68828163
offspring_32_7,106.76473628
offspring_32_8,107.60977884
offspring_32_9,107.60977884
offspring_32_10,107.51080009
offspring_32_11,107.21058381
offspring_32_12,106.99728146
offspring_32_13,107.63611573
offspring_32_14,107.45041138
offspring_32_15,107.60977884
offspring_32_16,105.94280089
offspring_32_17,105.94280089
offspring_32_18,107.80733178
offspring_32_19,107.80733178
offspring_32_20,106.96363421
offspring_32_21,108.62714386
offspring_32_22,104.78808897
offspring_32_23,106.99015941
offspring_32_24,106.56572827
offspring_32_25,105.64541264
offspring_32_26,107.631117
offspring_32_27,107.90959054
offspring_32_28,105.35858391
offspring_32_29,99.98999036
offspring_32_30,107.16164764
offspring_32_31,106.98322568
offspring_33_0,109.20061867
offspring_33_1,108.98320207
offspring_33_2,108.64743153
offspring_33_3,108.62714386
offspring_33_4,108.10451227
offspring_33_5,107.90959054
offspring_33_6,107.80733178
offspring_33_7,106.99728146
offspring_33_8,107.60977884
offspring_33_9,107.60977884
offspring_33_10,106.56572827
offspring_33_11,106.96363421
offspring_33_12,107.60977884
offspring_33_13,107.80733178
offspring_33_14,105.94280089
offspring_33_15,107.80733178
offspring_33_16,104.61168024
offspring_33_17,105.6564606
offspring_33_18,106.25919623
offspring_33_19,107.83001494
offspring_33_20,104.47682473
offspring_33_21,107.44248871
offspring_33_22,104.69236224
offspring_33_23,107.50432396
offspring_33_24,103.47682345
offspring_33_25,102.32189526
offspring_33_26,107.80733178
offspring_33_27,106.96363421
offspring_33_28,109.25560406
offspring_33_29,107.89728146
offspring_33_30,106.26076314
offspring_33_31,108.62087837
offspring_34_0,109.25560406
offspring_34_1,109.20061867
offspring_34_2,108.98320207
offspring_34_3,108.64743153
offspring_34_4,108.62714386
offspring_34_5,108.62087837
offspring_34_6,108.10451227
offspring_34_7,106.25919623
offspring_34_8,107.80733178
offspring_34_9,107.80733178
offspring_34_10,107.83001494
offspring_34_11,107.80733178
offspring_34_12,107.44248871
offspring_34_13,105.94280089
offspring_34_14,104.61168024
offspring_34_15,106.99728146
offspring_34_16,103.74729043
offspring_34_17,109.5607911
offspring_34_18,107.81770586
offspring_34_19,105.65510997
offspring_34_20,106.33595232
offspring_34_21,108.18524456
offspring_34_22,106.25919623
offspring_34_23,107.80733178
offspring_34_24,107.80733178
offspring_34_25,106.99728146
offspring_34_26,103.68491081
offspring_34_27,102.08098924
offspring_34_28,109.25560406
offspring_34_29,108.62714386
offspring_34_30,107.94842481
offspring_34_31,110.06890642
offspring_35_0,110.06890642
offspring_35_1,109.5607911
offspring_35_2,109.25560406
offspring_35_3,109.25560406
offspring_35_4,109.20061867
offspring_35_5,108.98320207
offspring_35_6,108.64743153
offspring_35_7,107.80733178
offspring_35_8,108.18524456
offspring_35_9,108.62714386
offspring_35_10,109.09728145
offspring_35_11,107.80733178
offspring_35_12,107.83001494
offspring_35_13,106.25919623
offspring_35_14,102.08098924
offspring_35_15,108.62087837
offspring_35_16,105.9337718
offspring_35_17,108.76065436
offspring_35_18,105.625549
offspring_35_19,107.7154471
offspring_35_20,106.096203
offspring_35_21,108.52789292
offspring_35_22,107.25350436
offspring_35_23,103.90343382
offspring_35_24,107.83001494
offspring_35_25,108.62087837
offspring_35_26,106.27392877
offspring_35_27,109.55861187
offspring_35_28,108.27903628
offspring_35_29,107.73374949
offspring_35_30,107.80972728
offspring_35_31,108.59763317
offspring_36_0,110.06890642
offspring_36_1,109.5607911
offspring_36_2,109.55861187
offspring_36_3,109.25560406
offspring_36_4,109.25560406
offspring_36_5,109.20061867
offspring_36_6,109.09728145
offspring_36_7,108.62087837
offspring_36_8,108.18524456
offspring_36_9,108.98320207
offspring_36_10,107.80733178
offspring_36_11,108.64743153
offspring_36_12,108.52789292
offspring_36_13,108.62714386
offspring_36_14,106.096203
offspring_36_15,110.11077647
offspring_36_16,106.02479994
offspring_36_17,109.40572617
offspring_36_18,109.25560406
offspring_36_19,108.98320207
offspring_36_20,106.3696778
offspring_36_21,107.56038218
offspring_36_22,107.41869914
offspring_36_23,107.30464772
offspring_36_24,108.3564606
offspring_36_25,108.83007215
offspring_36_26,109.43937341
offspring_36_27,108.32582118
offspring_36_28,109.25560406
offspring_36_29,109.20061867
offspring_36_30,108.4341012
offspring_36_31,110.10669021
offspring_37_0,110.11077647
offspring_37_1,110.10669021
offspring_37_2,110.06890642
offspring_37_3,109.5607911
offspring_37_4,110.18513708
offspring_37_5,109.43937341
offspring_37_6,109.40572617
offspring_37_7,107.80733178
offspring_37_8,109.20061867
offspring_37_9,108.52789292
offspring_37_10,108.92088401
offspring_37_11,109.25560406
offspring_37_12,108.83007215
offspring_37_13,107.30464772
offspring_37_14,108.4341012
offspring_37_15,109.25560406
offspring_37_16,107.07768564
offspring_37_17,109.3302648
offspring_37_18,108.97310018
offspring_37_19,106.94395887
offspring_37_20,109.5607911
offspring_37_21,108.49642491
offspring_37_22,107.18405861
offspring_37_23,110.08229396
offspring_37_24,109.25560406
offspring_37_25,109.25560406
offspring_37_26,109.87092095
offspring_37_27,107.01886384
offspring_37_28,109.98933082
offspring_37_29,108.30746852
offspring_37_30,107.36976297
offspring_37_31,110.59835991
offspring_38_0,110.59835991
offspring_38_1,110.18513708
offspring_38_2,110.11077647
offspring_38_3,110.10669021
offspring_38_4,110.08229396
offspring_38_5,110.06890642
offspring_38_6,109.98933082
offspring_38_7,109.5607911
offspring_38_8,109.25560406
offspring_38_9,109.40572617
offspring_38_10,109.25560406
offspring_38_11,109.43937341
offspring_38_12,109.87092095
offspring_38_13,107.80733178
offspring_38_14,108.30746852
offspring_38_15,109.20061867
offspring_38_16,106.55532623
offspring_38_17,110.18707207
offspring_38_18,109.27312814
offspring_38_19,109.18204409
offspring_38_20,108.98323003
offspring_38_21,107.22068571
offspring_38_22,110.06890642
offspring_38_23,109.25560406
offspring_38_24,109.25560406
offspring_38_25,110.08229396
offspring_38_26,109.3423017
offspring_38_27,109.85071153
offspring_38_28,109.54547421
offspring_38_29,108.20136772
offspring_38_30,110.07793551
offspring_38_31,110.40964775
offspring_39_0,110.59835991
offspring_39_1,110.40964775
offspring_39_2,110.18707207
offspring_39_3,110.18513708
offspring_39_4,110.11077647
offspring_39_5,110.10669021
offspring_39_6,110.08229396
offspring_39_7,109.54547421
offspring_39_8,109.5607911
offspring_39_9,110.06890642
offspring_39_10,109.25560406
offspring_39_11,109.3423017
offspring_39_12,109.98933082
offspring_39_13,109.40572617
offspring_39_14,110.06890642
offspring_39_15,107.22068571
offspring_39_16,109.13007214
offspring_39_17,109.52689964
offspring_39_18,107.79609551
offspring_39_19,107.86277767
offspring_39_20,109.70959617
offspring_39_21,109.08030175
offspring_39_22,110.06890642
offspring_39_23,109.98933082
offspring_39_24,110.18513708
offspring_39_25,110.18707207
offspring_39_26,109.81077648
offspring_39_27,109.81894901
offspring_39_28,110.59835991
offspring_39_29,109.5607911
offspring_39_30,109.3423017
offspring_39_31,109.98933082
offspring_40_0,110.59835991
offspring_40_1,110.59835991
offspring_40_2,110.40964775
offspring_40_3,110.18707207
offspring_40_4,110.18707207
offspring_40_5,110.18513708
offspring_40_6,110.18513708
offspring_40_7,110.06890642
offspring_40_8,110.11077647
offspring_40_9,110.08229396
offspring_40_10,110.10669021
offspring_40_11,109.81894901
offspring_40_12,109.3423017
offspring_40_13,109.81077648
offspring_40_14,109.52689964
offspring_40_15,109.98933082
offspring_40_16,109.5607911
offspring_40_17,109.5607911
offspring_40_18,109.98933082
offspring_40_19,109.81894901
offspring_40_20,110.18513708
offspring_40_21,110.18707207
offspring_40_22,110.41459056
offspring_40_23,110.09543162
offspring_40_24,110.59835991
offspring_40_25,109.52689964
offspring_40_26,109.8627261
offspring_40_27,109.88922334
offspring_40_28,109.82499259
offspring_40_29,109.66694218
offspring_40_30,109.50666225
offspring_40_31,110.17500722
offspring_41_0,110.59835991
offspring_41_1,110.59835991
offspring_41_2,110.59835991
offspring_41_3,110.41459056
offspring_41_4,107.93197919
offspring_41_5,110.18707207
offspring_41_6,110.18707207
offspring_41_7,110.09543162
offspring_41_8,110.18707207
offspring_41_9,109.8627261
offspring_41_10,109.52689964
offspring_41_11,109.88922334
offspring_41_12,110.10669021
offspring_41_13,110.17500722
offspring_41_14,109.81894901
offspring_41_15,110.11077647
offspring_41_16,109.29005192
offspring_41_17,111.42808558
offspring_41_18,109.8627261
offspring_41_19,110.18707207
offspring_41_20,109.52689964
offspring_41_21,110.18707207
offspring_41_22,110.2986321
offspring_41_23,110.33504292
offspring_41_24,110.40964775
offspring_41_25,109.88922334
offspring_41_26,110.59835991
offspring_41_27,110.41459056
offspring_41_28,110.02109898
offspring_41_29,109.19543162
offspring_41_30,108.7655133
offspring_41_31,110.42004979
offspring_42_0,111.42808558
offspring_42_1,110.59835991
offspring_42_2,110.59835991
offspring_42_3,110.59835991
offspring_42_4,110.59835991
offspring_42_5,110.42004979
offspring_42_6,110.41459056
offspring_42_7,110.18707207
offspring_42_8,110.40964775
offspring_42_9,110.18707207
offspring_42_10,109.88922334
offspring_42_11,109.8627261
offspring_42_12,109.88922334
offspring_42_13,110.18707207
offspring_42_14,107.93197919
offspring_42_15,110.41459056
offspring_42_16,109.47602846
offspring_42_17,110.2701719
offspring_42_18,109.59744615
offspring_42_19,110.26664767
offspring_42_20,110.59835991
offspring_42_21,110.41459056
offspring_42_22,110.54530951
offspring_42_23,109.96664767
offspring_42_24,109.88922334
offspring_42_25,107.93197919
offspring_42_26,110.18707207
offspring_42_27,109.88922334
offspring_42_28,109.68002956
offspring_42_29,111.1953521
offspring_42_30,110.59835991
offspring_42_31,111.14012247
offspring_43_0,111.42808558
offspring_43_1,111.1953521
offspring_43_2,111.14012247
offspring_43_3,110.59835991
offspring_43_4,110.59835991
offspring_43_5,110.59835991
offspring_43_6,110.59835991
offspring_43_7,110.26664767
offspring_43_8,110.40964775
offspring_43_9,110.59835991
offspring_43_10,110.54530951
offspring_43_11,110.18707207
offspring_43_12,110.18707207
offspring_43_13,109.88922334
offspring_43_14,107.93197919
offspring_43_15,110.59835991
offspring_43_16,109.63109339
offspring_43_17,110.99024458
offspring_43_18,111.14012247
offspring_43_19,109.88922334
offspring_43_20,110.26664767
offspring_43_21,111.1953521
offspring_43_22,110.59835991
offspring_43_23,110.59835991
offspring_43_24,110.30026695
offspring_43_25,109.84633076
offspring_43_26,110.59835991
offspring_43_27,111.42808558
offspring_43_28,110.40964775
offspring_43_29,110.18707207
offspring_43_30,110.59835991
offspring_43_31,110.91284822
offspring_44_0,111.42808558
offspring_44_1,111.42808558
offspring_44_2,111.1953521
offspring_44_3,111.1953521
offspring_44_4,111.14012247
offspring_44_5,111.14012247
offspring_44_6,110.99024458
offspring_44_7,110.59835991
offspring_44_8,110.59835991
offspring_44_9,110.59835991
offspring_44_10,110.91284822
offspring_44_11,110.59835991
offspring_44_12,109.88922334
offspring_44_13,110.59835991
offspring_44_14,110.54530951
offspring_44_15,110.59835991
offspring_44_16,110.21878431
offspring_44_17,111.2749277
offspring_44_18,110.59835991
offspring_44_19,110.54530951
offspring_44_20,111.42808558
offspring_44_21,110.21878431
offspring_44_22,110.84012247
offspring_44_23,110.56471267
offspring_44_24,110.91284822
offspring_44_25,110.59835991
offspring_44_26,110.99024458
offspring_44_27,111.1953521
offspring_44_28,111.16664767
offspring_44_29,108.99223116
offspring_44_30,111.42808558
offspring_44_31,111.13517966
offspring_45_0,111.42808558
offspring_45_1,111.42808558
offspring_45_2,111.42808558
offspring_45_3,111.42808558
offspring_45_4,111.2749277
offspring_45_5,111.1953521
offspring_45_6,111.1953521
offspring_45_7,110.99024458
offspring_45_8,111.14012247
offspring_45_9,111.1953521
offspring_45_10,110.59835991
offspring_45_11,110.91284822
offspring_45_12,110.59835991
offspring_45_13,111.16664767
offspring_45_14,110.21878431
offspring_45_15,110.99024458
offspring_45_16,110.84012247
offspring_45_17,110.59835991
offspring_45_18,111.53418637
offspring_45_19,110.65141031
offspring_45_20,110.63719419
offspring_45_21,111.73026481
offspring_45_22,110.84012247
offspring_45_23,111.42808558
offspring_45_24,111.42808558
offspring_45_25,111.2749277
offspring_45_26,111.16664767
offspring_45_27,111.14012247
offspring_45_28,110.16764095
offspring_45_29,111.28723677
offspring_45_30,110.99024458
offspring_45_31,111.08212926
offspring_46_0,111.73026481
offspring_46_1,111.53418637
offspring_46_2,111.42808558
offspring_46_3,111.42808558
offspring_46_4,111.42808558
offspring_46_5,111.42808558
offspring_46_6,111.42808558
offspring_46_7,111.2749277
offspring_46_8,111.42808558
offspring_46_9,110.91284822
offspring_46_10,111.08212926
offspring_46_11,111.1953521
offspring_46_12,111.16664767
offspring_46_13,111.28723677
offspring_46_14,110.99024458
offspring_46_15,111.1953521
offspring_46_16,111.14012247
offspring_46_17,111.28723677
offspring_46_18,111.2749277
offspring_46_19,111.73026481
offspring_46_20,110.99024458
offspring_46_21,111.42808558
offspring_46_22,110.76764096
offspring_46_23,111.82709229
offspring_46_24,111.16664767
offspring_46_25,111.53418637
offspring_46_26,111.42808558
offspring_46_27,111.42808558
offspring_46_28,111.32607105
offspring_46_29,110.67793551
offspring_46_30,111.1423017
offspring_46_31,111.26071157
offspring_47_0,111.82709229
offspring_47_1,111.73026481
offspring_47_2,111.73026481
offspring_47_3,111.53418637
offspring_47_4,111.53418637
offspring_47_5,111.42808558
offspring_47_6,111.42808558
offspring_47_7,111.32607105
offspring_47_8,111.42808558
offspring_47_9,111.2749277
offspring_47_10,111.42808558
offspring_47_11,111.42808558
offspring_47_12,111.1953521
offspring_47_13,111.42808558
offspring_47_14,110.76764096
offspring_47_15,111.28723677
offspring_47_16,111.08212926
offspring_47_17,111.73026481
offspring_47_18,110.08312254
offspring_47_19,112.0707619
offspring_47_20,111.05041703
offspring_47_21,111.59954585
offspring_47_22,111.7833152
offspring_47_23,111.37503518
offspring_47_24,111.2484025
offspring_47_25,111.56071157
offspring_47_26,111.97202737
offspring_47_27,111.1688269
offspring_47_28,111.08212926
offspring_47_29,111.42808558
offspring_47_30,111.20766118
offspring_47_31,111.48113598
offspring_48_0,112.0707619
offspring_48_1,111.97202737
offspring_48_2,111.82709229
offspring_48_3,111.7833152
offspring_48_4,111.73026481
offspring_48_5,111.73026481
offspring_48_6,111.73026481
offspring_48_7,111.48113598
offspring_48_8,111.42808558
offspring_48_9,111.42808558
offspring_48_10,111.59954585
offspring_48_11,111.08212926
offspring_48_12,111.37503518
offspring_48_13,111.32607105
offspring_48_14,111.2749277
offspring_48_15,111.05041703
offspring_48_16,112.13117856
offspring_48_17,111.14748874
offspring_48_18,111.4707619
offspring_48_19,111.73026481
offspring_48_20,111.54649545
offspring_48_21,111.42808558
offspring_48_22,111.84130841
offspring_48_23,110.60244617
offspring_48_24,111.20766118
offspring_48_25,111.57302065
offspring_48_26,111.51502744
offspring_48_27,111.20029491
offspring_48_28,111.08212926
offspring_48_29,111.42808558
offspring_48_30,111.82709229
offspring_48_31,111.7833152
offspring_49_0,112.13117856
offspring_49_1,112.0707619
offspring_49_2,111.97202737
offspring_49_3,111.84130841
offspring_49_4,111.82709229
offspring_49_5,111.82709229
offspring_49_6,111.7833152
offspring_49_7,111.42808558
offspring_49_8,109.93244404
offspring_49_9,111.7833152
offspring_49_10,111.4707619
offspring_49_11,111.73026481
offspring_49_12,111.54649545
offspring_49_13,111.73026481
offspring_49_14,111.48113598
offspring_49_15,111.20029491
offspring_49_16,111.42808558
offspring_49_17,111.42808558
offspring_49_18,111.42808558
offspring_49_19,110.9798705
offspring_49_20,111.7833152
offspring_49_21,111.82709229
offspring_49_22,111.54649545
offspring_49_23,111.7833152
offspring_49_24,111.69143053
offspring_49_25,112.28105645
offspring_49_26,111.73026481
offspring_49_27,111.42808558
offspring_49_28,111.73026481
offspring_49_29,111.73026481
offspring_49_30,111.66490533
offspring_49_31,112.32483354
offspring_50_0,112.32483354
offspring_50_1,112.28105645
offspring_50_2,112.13117856
offspring_50_3,107.66043939
offspring_50_4,111.97202737
offspring_50_5,111.84130841
offspring_50_6,111.82709229
offspring_50_7,111.7833152
offspring_50_8,111.73026481
offspring_50_9,111.82709229
offspring_50_10,111.66490533
offspring_50_11,111.7833152
offspring_50_12,111.69143053
offspring_50_13,111.73026481
offspring_50_14,111.42808558
offspring_50_15,111.54649545
offspring_50_16,111.73026481
offspring_50_17,112.28105645
offspring_50_18,111.84130841
offspring_50_19,111.69143053
offspring_50_20,112.0707619
offspring_50_21,111.54649545
offspring_50_22,111.7833152
offspring_50_23,111.73026481
offspring_50_24,111.89245177
offspring_50_25,112.10440914
offspring_50_26,111.69333757
offspring_50_27,112.18232192
offspring_50_28,111.42808558
offspring_50_29,111.66490533
offspring_50_30,111.82709229
offspring_50_31,111.73026481
offspring_51_0,112.32483354
offspring_51_1,112.28105645
offspring_51_2,112.28105645
offspring_51_3,112.18232192
offspring_51_4,110.79032975
offspring_51_5,112.10440914
offspring_51_6,112.0707619
offspring_51_7,111.82709229
offspring_51_8,111.84130841
offspring_51_9,111.84130841
offspring_51_10,111.82709229
offspring_51_11,111.69143053
offspring_51_12,111.73026481
offspring_51_13,111.97202737
offspring_51_14,111.82709229
offspring_51_15,111.54649545
offspring_51_16,111.66490533
offspring_51_17,112.0707619
offspring_51_18,111.53418637
offspring_51_19,112.4383006
offspring_51_20,111.54649545
offspring_51_21,111.82709229
offspring_51_22,111.76173282
offspring_51_23,112.10440914
offspring_51_24,111.7475167
offspring_51_25,111.7833152
offspring_51_26,111.84130841
offspring_51_27,112.10440914
offspring_51_28,111.97202737
offspring_51_29,111.66490533
offspring_51_30,112.18232192
offspring_51_31,112.13117856
offspring_52_0,112.4383006
offspring_52_1,112.32483354
offspring_52_2,112.28105645
offspring_52_3,112.28105645
offspring_52_4,112.18232192
offspring_52_5,112.18232192
offspring_52_6,112.13117856
offspring_52_7,111.84130841
offspring_52_8,111.97202737
offspring_52_9,111.82709229
offspring_52_10,111.82709229
offspring_52_11,111.82709229
offspring_52_12,111.76173282
offspring_52_13,112.10440914
offspring_52_14,111.97202737
offspring_52_15,111.66490533
offspring_52_16,112.10440914
offspring_52_17,112.18232192
offspring_52_18,111.97202737
offspring_52_19,111.66490533
offspring_52_20,111.82709229
offspring_52_21,112.4383006
offspring_52_22,112.18232192
offspring_52_23,111.84130841
offspring_52_24,111.92088401
offspring_52_25,111.89110677
offspring_52_26,112.35135874
offspring_52_27,111.8005671
offspring_52_28,112.13117856
offspring_52_29,111.76173282
offspring_52_30,111.94550217
offspring_52_31,112.45745954
offspring_53_0,112.45745954
offspring_53_1,112.4383006
offspring_53_2,112.4383006
offspring_53_3,112.35135874
offspring_53_4,112.32483354
offspring_53_5,112.28105645
offspring_53_6,112.28105645
offspring_53_7,112.18232192
offspring_53_8,111.82709229
offspring_53_9,111.97202737
offspring_53_10,112.13117856
offspring_53_11,112.13117856
offspring_53_12,111.97202737
offspring_53_13,112.18232192
offspring_53_14,111.89110677
offspring_53_15,112.10440914
offspring_53_16,109.41779103
offspring_53_17,111.97202737
offspring_53_18,111.31897697
offspring_53_19,112.37788394
offspring_53_20,111.76885486
offspring_53_21,111.68406426
offspring_53_22,111.75845282
offspring_53_23,112.28105645
offspring_53_24,111.95971829
offspring_53_25,111.87495566
offspring_53_26,111.75160297
offspring_53_27,112.28842272
offspring_53_28,112.13117856
offspring_53_29,112.18232192
offspring_53_30,111.91763197
offspring_53_31,112.43093434
offspring_54_0,112.45745954
offspring_54_1,112.4383006
offspring_54_2,112.4383006
offspring_54_3,112.43093434
offspring_54_4,112.37788394
offspring_54_5,112.35135874
offspring_54_6,112.32483354
offspring_54_7,112.10440914
offspring_54_8,112.18232192
offspring_54_9,112.13117856
offspring_54_10,112.28105645
offspring_54_11,112.13117856
offspring_54_12,111.97202737
offspring_54_13,111.89110677
offspring_54_14,112.28105645
offspring_54_15,112.28842272
offspring_54_16,112.18232192
offspring_54_17,112.18232192
offspring_54_18,112.32483354
offspring_54_19,111.97202737
offspring_54_20,112.23727936
offspring_54_21,112.08500597
offspring_54_22,112.25646625
offspring_54_23,111.70564665
offspring_54_24,112.04641593
offspring_54_25,112.14348764
offspring_54_26,112.35135874
offspring_54_27,112.4383006
offspring_54_28,112.50366008
offspring_54_29,112.22306324
offspring_54_30,112.45745954
offspring_54_31,112.43093434
offspring_55_0,112.50366008
offspring_55_1,112.45745954
offspring_55_2,112.45745954
offspring_55_3,112.29035771
offspring_55_4,112.4383006
offspring_55_5,112.4383006
offspring_55_6,112.43093434
offspring_55_7,112.25646625
offspring_55_8,112.32483354
offspring_55_9,112.43093434
offspring_55_10,112.18232192
offspring_55_11,112.22306324
offspring_55_12,112.28105645
offspring_55_13,112.37788394
offspring_55_14,112.18232192
offspring_55_15,112.35135874
offspring_55_16,111.89110677
offspring_55_17,112.37788394
offspring_55_18,112.43093434
offspring_55_19,112.35135874
offspring_55_20,112.45745954
offspring_55_21,112.4383006
offspring_55_22,112.4383006
offspring_55_23,112.22306324
offspring_55_24,111.82709229
offspring_55_25,112.83921436
offspring_55_26,112.54249436
offspring_55_27,111.95947407
offspring_55_28,111.63294886
offspring_55_29,112.01494792
offspring_55_30,111.53612137
offspring_55_31,112.25453125
offspring_56_0,112.83921436
offspring_56_1,112.54249436
offspring_56_2,112.50366008
offspring_56_3,112.45745954
offspring_56_4,112.45745954
offspring_56_5,112.45745954
offspring_56_6,112.4383006
offspring_56_7,112.01494792
offspring_56_8,112.35135874
offspring_56_9,112.43093434
offspring_56_10,112.18232192
offspring_56_11,112.4383006
offspring_56_12,112.29035771
offspring_56_13,112.22306324
offspring_56_14,112.4383006
offspring_56_15,112.43093434
offspring_56_16,112.43093434
offspring_56_17,111.96383252
offspring_56_18,112.45745954
offspring_56_19,112.45745954
offspring_56_20,112.45745954
offspring_56_21,112.35135874
offspring_56_22,112.43093434
offspring_56_23,112.43093434
offspring_56_24,112.4383006
offspring_56_25,112.83921436
offspring_56_26,111.98842272
offspring_56_27,112.24958844
offspring_56_28,112.4383006
offspring_56_29,112.4383006
offspring_56_30,112.50366008
offspring_56_31,112.18232192
offspring_57_0,112.83921436
offspring_57_1,112.83921436
offspring_57_2,112.54249436
offspring_57_3,112.50366008
offspring_57_4,112.50366008
offspring_57_5,112.45745954
offspring_57_6,112.45745954
offspring_57_7,112.45745954
offspring_57_8,112.4383006
offspring_57_9,112.43093434
offspring_57_10,112.4383006
offspring_57_11,112.45745954
offspring_57_12,112.43093434
offspring_57_13,112.4383006
offspring_57_14,112.24958844
offspring_57_15,112.35135874
offspring_57_16,112.4383006
offspring_57_17,112.50366008
offspring_57_18,112.45745954
offspring_57_19,112.43093434
offspring_57_20,112.24958844
offspring_57_21,112.4383006
offspring_57_22,112.45745954
offspring_57_23,112.43093434
offspring_57_24,112.35135874
offspring_57_25,112.4383006
offspring_57_26,112.4383006
offspring_57_27,112.83921436
offspring_57_28,112.45745954
offspring_57_29,112.50366008
offspring_57_30,112.68006317
offspring_57_31,112.17191988
offspring_58_0,112.83921436
offspring_58_1,112.83921436
offspring_58_2,112.83921436
offspring_58_3,112.68006317
offspring_58_4,112.54249436
offspring_58_5,112.50366008
offspring_58_6,112.50366008
offspring_58_7,112.4383006
offspring_58_8,112.4383006
offspring_58_9,112.45745954
offspring_58_10,112.45745954
offspring_58_11,112.43093434
offspring_58_12,112.45745954
offspring_58_13,112.4383006
offspring_58_14,112.43093434
offspring_58_15,112.17191988
offspring_58_16,112.43093434
offspring_58_17,112.43093434
offspring_58_18,112.32206996
offspring_58_19,112.32483354
offspring_58_20,112.83921436
offspring_58_21,112.45745954
offspring_58_22,112.4383006
offspring_58_23,112.50366008
offspring_58_24,112.34641593
offspring_58_25,111.71058946
offspring_58_26,112.83921436
offspring_58_27,112.17191988
offspring_58_28,112.4383006
offspring_58_29,112.43093434
offspring_58_30,112.4383006
offspring_58_31,112.68006317
offspring_59_0,112.83921436
offspring_59_1,112.83921436
offspring_59_2,112.83921436
offspring_59_3,112.83921436
offspring_59_4,112.83921436
offspring_59_5,112.68006317
offspring_59_6,112.68006317
offspring_59_7,112.45745954
offspring_59_8,112.45745954
offspring_59_9,112.54249436
offspring_59_10,112.45745954
offspring_59_11,112.4383006
offspring_59_12,112.4383006
offspring_59_13,112.32206996
offspring_59_14,112.4383006
offspring_59_15,112.50366008
offspring_59_16,112.06557486
offspring_59_17,112.54249436
offspring_59_18,112.81268916
offspring_59_19,112.4648258
offspring_59_20,111.84515045
offspring_59_21,112.35135874
offspring_59_22,111.64028717
offspring_59_23,112.88517068
offspring_59_24,112.96066001
offspring_59_25,111.4800352
offspring_59_26,112.83921436
offspring_59_27,112.68006317
offspring_59_28,111.79016506
offspring_59_29,112.78425692
offspring_59_30,111.94958844
offspring_59_31,112.73311356
offspring_60_0,112.96066001
offspring_60_1,112.88517068
offspring_60_2,112.83921436
offspring_60_3,112.83921436
offspring_60_4,112.83921436
offspring_60_5,112.83921436
offspring_60_6,112.83921436
offspring_60_7,112.4648258
offspring_60_8,112.54249436
offspring_60_9,112.45745954
offspring_60_10,112.83921436
offspring_60_11,112.35135874
offspring_60_12,112.81268916
offspring_60_13,112.78425692
offspring_60_14,112.68006317
offspring_60_15,112.50366008
offspring_60_16,112.73311356
offspring_60_17,112.73311356
offspring_60_18,112.83921436
offspring_60_19,112.35135874
offspring_60_20,111.53612137
offspring_60_21,112.29032976
offspring_60_22,112.83921436
offspring_60_23,112.83921436
offspring_60_24,112.21596916
offspring_60_25,112.51050993
offspring_60_26,112.53921436
offspring_60_27,112.73120652
offspring_60_28,112.68006317
offspring_60_29,112.88517068
offspring_60_30,112.95762423
offspring_60_31,112.84225013
