offspring_0_0,30.63039996
offspring_0_1,33.24951197
offspring_0_2,17.14219414
offspring_0_3,26.89874309
offspring_0_4,32.81522338
offspring_0_5,23.13790677
offspring_0_6,26.08970892
offspring_0_7,28.50796103
offspring_0_8,26.82005513
offspring_0_9,23.75556423
offspring_0_10,27.39583052
offspring_0_11,28.37140133
offspring_0_12,31.7770063
offspring_0_13,28.82918812
offspring_0_14,22.16231688
offspring_0_15,31.21858671
offspring_0_16,26.72356929
offspring_0_17,27.859198
offspring_0_18,31.02582653
offspring_0_19,29.29896499
offspring_0_20,27.62348954
offspring_0_21,33.63659438
offspring_0_22,28.91052166
offspring_0_23,24.89877083
offspring_0_24,27.17907803
offspring_0_25,19.90480054
offspring_0_26,34.15506145
offspring_0_27,27.90768884
offspring_0_28,32.46817323
offspring_0_29,25.73995596
offspring_0_30,25.65822368
offspring_0_31,21.31490092
offspring_1_0,34.15506145
offspring_1_1,33.63659438
offspring_1_2,33.24951197
offspring_1_3,32.81522338
offspring_1_4,32.46817323
offspring_1_5,31.7770063
offspring_1_6,31.21858671
offspring_1_7,29.29896499
offspring_1_8,27.859198
offspring_1_9,26.72356929
offspring_1_10,28.91052166
offspring_1_11,27.62348954
offspring_1_12,31.02582653
offspring_1_13,28.37140133
offspring_1_14,22.16231688
offspring_1_15,26.82005513
offspring_1_16,27.17833082
offspring_1_17,25.31203343
offspring_1_18,33.5965916
offspring_1_19,37.49394601
offspring_1_20,22.98821969
offspring_1_21,25.02570517
offspring_1_22,36.29961686
offspring_1_23,24.69130043
offspring_1_24,24.74581231
offspring_1_25,24.85701878
offspring_1_26,30.97587247
offspring_1_27,30.86917703
offspring_1_28,23.33611414
offspring_1_29,44.92729669
offspring_1_30,21.94320487
offspring_1_31,53.8329814
offspring_2_0,53.8329814
offspring_2_1,44.92729669
offspring_2_2,37.49394601
offspring_2_3,36.29961686
offspring_2_4,34.15506145
offspring_2_5,33.63659438
offspring_2_6,33.5965916
offspring_2_7,25.02570517
offspring_2_8,31.7770063
offspring_2_9,31.02582653
offspring_2_10,29.29896499
offspring_2_11,27.859198
offspring_2_12,32.46817323
offspring_2_13,31.21858671
offspring_2_14,25.31203343
offspring_2_15,27.62348954
offspring_2_16,28.44265183
offspring_2_17,29.53850835
offspring_2_18,39.82103119
offspring_2_19,40.960897
offspring_2_20,32.1296042
offspring_2_21,25.99242732
offspring_2_22,31.43301781
offspring_2_23,47.90443474
offspring_2_24,29.25326884
offspring_2_25,31.71399768
offspring_2_26,28.82614205
offspring_2_27,34.50397531
offspring_2_28,29.81971187
offspring_2_29,28.69378825
offspring_2_30,27.5919887
offspring_2_31,50.56694059
offspring_3_0,53.8329814
offspring_3_1,50.56694059
offspring_3_2,47.90443474
offspring_3_3,44.92729669
offspring_3_4,40.960897
offspring_3_5,39.82103119
offspring_3_6,37.49394601
offspring_3_7,31.7770063
offspring_3_8,31.43301781
offspring_3_9,29.25326884
offspring_3_10,29.53850835
offspring_3_11,34.15506145
offspring_3_12,29.29896499
offspring_3_13,36.29961686
offspring_3_14,32.46817323
offspring_3_15,31.21858671
offspring_3_16,27.04417225
offspring_3_17,44.76450304
offspring_3_18,28.6513618
offspring_3_19,37.07021029
offspring_3_20,29.83053692
offspring_3_21,29.55785094
offspring_3_22,32.00201106
offspring_3_23,47.0392833
offspring_3_24,34.5207434
offspring_3_25,33.18665592
offspring_3_26,22.90467919
offspring_3_27,45.41500148
offspring_3_28,34.41268528
offspring_3_29,31.69705796
offspring_3_30,27.93976353
offspring_3_31,48.31526672
offspring_4_0,53.8329814
offspring_4_1,50.56694059
offspring_4_2,48.31526672
offspring_4_3,47.90443474
offspring_4_4,47.0392833
offspring_4_5,45.41500148
offspring_4_6,44.92729669
offspring_4_7,37.49394601
offspring_4_8,34.5207434
offspring_4_9,27.93976353
offspring_4_10,39.82103119
offspring_4_11,32.00201106
offspring_4_12,40.960897
offspring_4_13,34.41268528
offspring_4_14,29.55785094
offspring_4_15,27.04417225
offspring_4_16,32.64842323
offspring_4_17,47.80687922
offspring_4_18,48.75584334
offspring_4_19,46.19914357
offspring_4_20,32.79172344
offspring_4_21,35.90396837
offspring_4_22,25.42390562
offspring_4_23,27.54520379
offspring_4_24,33.82952619
offspring_4_25,32.27902776
offspring_4_26,44.93992822
offspring_4_27,42.99754512
offspring_4_28,51.78937952
offspring_4_29,33.67030218
offspring_4_30,44.13356911
offspring_4_31,58.40433419
offspring_5_0,58.40433419
offspring_5_1,53.8329814
offspring_5_2,51.78937952
offspring_5_3,50.56694059
offspring_5_4,48.75584334
offspring_5_5,48.31526672
offspring_5_6,47.90443474
offspring_5_7,44.93992822
offspring_5_8,44.92729669
offspring_5_9,34.5207434
offspring_5_10,44.13356911
offspring_5_11,42.99754512
offspring_5_12,40.960897
offspring_5_13,35.90396837
offspring_5_14,27.04417225
offspring_5_15,27.93976353
offspring_5_16,44.83781314
offspring_5_17,46.92783412
offspring_5_18,42.04167057
offspring_5_19,25.17908497
offspring_5_20,44.33475148
offspring_5_21,38.03017111
offspring_5_22,32.72401311
offspring_5_23,40.61472929
offspring_5_24,55.73945494
offspring_5_25,38.40120143
offspring_5_26,54.05531284
offspring_5_27,47.26369341
offspring_5_28,26.92734696
offspring_5_29,40.10282935
offspring_5_30,53.13622163
offspring_5_31,53.65964355
offspring_6_0,56.8064562
offspring_6_1,55.73945494
offspring_6_2,54.05531284
offspring_6_3,53.8329814
offspring_6_4,53.65964355
offspring_6_5,53.13622163
offspring_6_6,51.78937952
offspring_6_7,44.33475148
offspring_6_8,34.5207434
offspring_6_9,38.40120143
offspring_6_10,47.26369341
offspring_6_11,47.90443474
offspring_6_12,44.13356911
offspring_6_13,46.92783412
offspring_6_14,40.61472929
offspring_6_15,40.960897
offspring_6_16,44.93992822
offspring_6_17,44.93992822
offspring_6_18,33.91301642
offspring_6_19,53.36974394
offspring_6_20,43.80011095
offspring_6_21,47.88831158
offspring_6_22,30.87373658
offspring_6_23,48.91465127
offspring_6_24,55.13945493
offspring_6_25,41.26777968
offspring_6_26,51.55223731
offspring_6_27,52.28003155
offspring_6_28,46.90703004
offspring_6_29,44.4158111
offspring_6_30,60.14816491
offspring_6_31,51.97985992
offspring_7_0,60.14816491
offspring_7_1,56.8064562
offspring_7_2,55.73945494
offspring_7_3,55.13945493
offspring_7_4,54.05531284
offspring_7_5,53.8329814
offspring_7_6,53.65964355
offspring_7_7,46.92783412
offspring_7_8,44.93992822
offspring_7_9,44.93992822
offspring_7_10,46.90703004
offspring_7_11,51.78937952
offspring_7_12,51.97985992
offspring_7_13,51.55223731
offspring_7_14,33.91301642
offspring_7_15,53.36974394
offspring_7_16,30.65675352
offspring_7_17,56.01446403
offspring_7_18,52.42513826
offspring_7_19,27.89498621
offspring_7_20,55.24273158
offspring_7_21,47.37408159
offspring_7_22,47.61927498
offspring_7_23,50.66231688
offspring_7_24,36.08469167
offspring_7_25,46.48862017
offspring_7_26,51.7517068
offspring_7_27,39.83589223
offspring_7_28,51.70306513
offspring_7_29,50.71484371
offspring_7_30,41.09042666
offspring_7_31,53.53333334
offspring_8_0,60.14816491
offspring_8_1,56.8064562
offspring_8_2,56.01446403
offspring_8_3,55.73945494
offspring_8_4,55.24273158
offspring_8_5,55.13945493
offspring_8_6,54.05531284
offspring_8_7,53.65964355
offspring_8_8,51.70306513
offspring_8_9,51.78937952
offspring_8_10,47.61927498
offspring_8_11,53.53333334
offspring_8_12,53.36974394
offspring_8_13,53.8329814
offspring_8_14,51.55223731
offspring_8_15,46.48862017
offspring_8_16,44.93992822
offspring_8_17,44.93992822
offspring_8_18,50.58355957
offspring_8_19,48.98825436
offspring_8_20,55.24273158
offspring_8_21,53.36974394
offspring_8_22,50.08215357
offspring_8_23,47.00847073
offspring_8_24,51.65157851
offspring_8_25,50.09265616
offspring_8_26,47.31795565
offspring_8_27,50.26084673
offspring_8_28,47.74989337
offspring_8_29,46.9459146
offspring_8_30,44.22506025
offspring_8_31,57.5785614
offspring_9_0,60.14816491
offspring_9_1,57.5785614
offspring_9_2,56.8064562
offspring_9_3,56.01446403
offspring_9_4,55.73945494
offspring_9_5,55.24273158
offspring_9_6,55.24273158
offspring_9_7,50.08215357
offspring_9_8,54.05531284
offspring_9_9,53.36974394
offspring_9_10,53.53333334
offspring_9_11,50.26084673
offspring_9_12,55.13945493
offspring_9_13,53.8329814
offspring_9_14,47.31795565
offspring_9_15,44.93992822
offspring_9_16,50.59460655
offspring_9_17,52.28852655
offspring_9_18,51.87551533
offspring_9_19,38.16879042
offspring_9_20,50.36266015
offspring_9_21,48.26521385
offspring_9_22,46.02134672
offspring_9_23,52.35987934
offspring_9_24,44.30230578
offspring_9_25,53.89039025
offspring_9_26,47.31795565
offspring_9_27,56.01446403
offspring_9_28,47.9996394
offspring_9_29,51.76426726
offspring_9_30,53.48815381
offspring_9_31,64.5726253
offspring_10_0,64.5726253
offspring_10_1,60.14816491
offspring_10_2,57.5785614
offspring_10_3,56.8064562
offspring_10_4,56.01446403
offspring_10_5,56.01446403
offspring_10_6,55.73945494
offspring_10_7,55.13945493
offspring_10_8,55.24273158
offspring_10_9,50.36266015
offspring_10_10,51.76426726
offspring_10_11,47.9996394
offspring_10_12,55.24273158
offspring_10_13,52.28852655
offspring_10_14,47.31795565
offspring_10_15,53.48815381
offspring_10_16,52.37590194
offspring_10_17,48.40155337
offspring_10_18,52.28852655
offspring_10_19,56.8064562
offspring_10_20,63.51156707
offspring_10_21,51.0788908
offspring_10_22,43.61121687
offspring_10_23,49.00737505
offspring_10_24,58.74158389
offspring_10_25,47.71011251
offspring_10_26,53.03727571
offspring_10_27,52.1062915
offspring_10_28,56.01446403
offspring_10_29,47.31795565
offspring_10_30,51.19207538
offspring_10_31,76.97208786
offspring_11_0,76.97208786
offspring_11_1,64.5726253
offspring_11_2,63.51156707
offspring_11_3,60.14816491
offspring_11_4,58.74158389
offspring_11_5,57.5785614
offspring_11_6,56.8064562
offspring_11_7,55.73945494
offspring_11_8,52.37590194
offspring_11_9,55.24273158
offspring_11_10,52.28852655
offspring_11_11,55.24273158
offspring_11_12,53.48815381
offspring_11_13,55.13945493
offspring_11_14,52.28852655
offspring_11_15,47.31795565
offspring_11_16,47.48112203
offspring_11_17,44.45536312
offspring_11_18,71.42720306
offspring_11_19,66.66428113
offspring_11_20,52.28852655
offspring_11_21,55.13945493
offspring_11_22,51.53749762
offspring_11_23,57.31043498
offspring_11_24,49.57329276
offspring_11_25,52.25159931
offspring_11_26,57.1244864
offspring_11_27,47.10333039
offspring_11_28,54.26892738
offspring_11_29,48.53863838
offspring_11_30,59.81532393
offspring_11_31,62.74768468
offspring_12_0,76.97208786
offspring_12_1,71.42720306
offspring_12_2,66.66428113
offspring_12_3,64.5726253
offspring_12_4,63.51156707
offspring_12_5,62.74768468
offspring_12_6,60.14816491
offspring_12_7,58.74158389
offspring_12_8,53.48815381
offspring_12_9,59.81532393
offspring_12_10,57.31043498
offspring_12_11,49.57329276
offspring_12_12,55.24273158
offspring_12_13,54.26892738
offspring_12_14,55.24273158
offspring_12_15,52.28852655
offspring_12_16,50.85291864
offspring_12_17,51.024157
offspring_12_18,64.49277752
offspring_12_19,49.11000503
offspring_12_20,55.23825003
offspring_12_21,50.9673428
offspring_12_22,48.90553215
offspring_12_23,69.60263518
offspring_12_24,58.74158389
offspring_12_25,63.51156707
offspring_12_26,55.08221771
offspring_12_27,55.96114145
offspring_12_28,52.02186335
offspring_12_29,61.68481996
offspring_12_30,55.24273158
offspring_12_31,58.01566894
offspring_13_0,76.97208786
offspring_13_1,71.42720306
offspring_13_2,69.60263518
offspring_13_3,66.66428113
offspring_13_4,64.5726253
offspring_13_5,64.49277752
offspring_13_6,63.51156707
offspring_13_7,60.14816491
offspring_13_8,54.26892738
offspring_13_9,57.31043498
offspring_13_10,52.28852655
offspring_13_11,59.81532393
offspring_13_12,55.08221771
offspring_13_13,63.51156707
offspring_13_14,50.9673428
offspring_13_15,61.68481996
offspring_13_16,63.26805881
offspring_13_17,59.11145264
offspring_13_18,64.47643244
offspring_13_19,48.48803939
offspring_13_20,63.82910318
offspring_13_21,61.38917841
offspring_13_22,62.78907092
offspring_13_23,63.54975642
offspring_13_24,68.86205856
offspring_13_25,57.21446404
offspring_13_26,69.26942147
offspring_13_27,62.26636674
offspring_13_28,52.3712713
offspring_13_29,54.5930289
offspring_13_30,52.47866195
offspring_13_31,61.06342123
offspring_14_0,76.97208786
offspring_14_1,71.42720306
offspring_14_2,69.60263518
offspring_14_3,69.26942147
offspring_14_4,68.86205856
offspring_14_5,66.66428113
offspring_14_6,64.5726253
offspring_14_7,63.54975642
offspring_14_8,63.51156707
offspring_14_9,63.26805881
offspring_14_10,64.47643244
offspring_14_11,59.11145264
offspring_14_12,59.81532393
offspring_14_13,57.21446404
offspring_14_14,63.82910318
offspring_14_15,61.06342123
offspring_14_16,53.45202233
offspring_14_17,64.61314471
offspring_14_18,53.06288379
offspring_14_19,53.90720862
offspring_14_20,64.81766786
offspring_14_21,57.33193426
offspring_14_22,62.77420988
offspring_14_23,65.80318649
offspring_14_24,71.42720306
offspring_14_25,69.26942147
offspring_14_26,64.82539658
offspring_14_27,66.05415128
offspring_14_28,56.06134949
offspring_14_29,75.09404657
offspring_14_30,61.2066209
offspring_14_31,63.87898442
offspring_15_0,76.97208786
offspring_15_1,75.09404657
offspring_15_2,71.42720306
offspring_15_3,71.42720306
offspring_15_4,69.60263518
offspring_15_5,69.26942147
offspring_15_6,69.26942147
offspring_15_7,63.82910318
offspring_15_8,65.80318649
offspring_15_9,66.66428113
offspring_15_10,63.54975642
offspring_15_11,66.05415128
offspring_15_12,64.61314471
offspring_15_13,63.87898442
offspring_15_14,59.81532393
offspring_15_15,62.77420988
offspring_15_16,50.16113452
offspring_15_17,62.12698115
offspring_15_18,57.68253325
offspring_15_19,60.92943257
offspring_15_20,62.97469704
offspring_15_21,69.97955826
offspring_15_22,63.2442364
offspring_15_23,48.8753437
offspring_15_24,69.26942147
offspring_15_25,71.42720306
offspring_15_26,66.83531839
offspring_15_27,59.75420156
offspring_15_28,65.64549852
offspring_15_29,60.82110227
offspring_15_30,76.97208786
offspring_15_31,73.53225846
offspring_16_0,76.97208786
offspring_16_1,76.97208786
offspring_16_2,75.09404657
offspring_16_3,73.53225846
offspring_16_4,71.42720306
offspring_16_5,71.42720306
offspring_16_6,71.42720306
offspring_16_7,69.97955826
offspring_16_8,63.87898442
offspring_16_9,65.64549852
offspring_16_10,63.2442364
offspring_16_11,65.80318649
offspring_16_12,60.92943257
offspring_16_13,69.60263518
offspring_16_14,69.26942147
offspring_16_15,59.75420156
offspring_16_16,60.38253325
offspring_16_17,58.2986564
offspring_16_18,71.81244951
offspring_16_19,74.11075744
offspring_16_20,69.29250533
offspring_16_21,70.96131308
offspring_16_22,53.70974671
offspring_16_23,67.2721312
offspring_16_24,60.99674936
offspring_16_25,66.18679808
offspring_16_26,71.08356651
offspring_16_27,68.61674382
offspring_16_28,71.6693712
offspring_16_29,55.17202372
offspring_16_30,72.03133961
offspring_16_31,68.01057887
offspring_17_0,76.97208786
offspring_17_1,76.97208786
offspring_17_2,75.09404657
offspring_17_3,74.11075744
offspring_17_4,73.53225846
offspring_17_5,72.03133961
offspring_17_6,71.81244951
offspring_17_7,68.01057887
offspring_17_8,71.6693712
offspring_17_9,69.29250533
offspring_17_10,69.26942147
offspring_17_11,70.96131308
offspring_17_12,69.97955826
offspring_17_13,71.42720306
offspring_17_14,55.17202372
offspring_17_15,53.70974671
offspring_17_16,57.09288501
offspring_17_17,51.72979144
offspring_17_18,71.81244951
offspring_17_19,70.96131308
offspring_17_20,71.59824033
offspring_17_21,70.13095994
offspring_17_22,62.38069035
offspring_17_23,64.00464971
offspring_17_24,71.38598846
offspring_17_25,51.29641997
offspring_17_26,68.993868
offspring_17_27,70.83287391
offspring_17_28,76.97208786
offspring_17_29,74.11075744
offspring_17_30,68.74711951
offspring_17_31,78.71113712
offspring_18_0,78.71113712
offspring_18_1,76.97208786
offspring_18_2,76.97208786
offspring_18_3,76.97208786
offspring_18_4,75.09404657
offspring_18_5,74.11075744
offspring_18_6,74.11075744
offspring_18_7,70.96131308
offspring_18_8,71.59824033
offspring_18_9,64.00464971
offspring_18_10,68.74711951
offspring_18_11,71.42720306
offspring_18_12,71.81244951
offspring_18_13,70.96131308
offspring_18_14,73.53225846
offspring_18_15,55.17202372
offspring_18_16,71.38598846
offspring_18_17,75.09404657
offspring_18_18,53.42289489
offspring_18_19,65.6693712
offspring_18_20,78.41903747
offspring_18_21,71.29834087
offspring_18_22,71.59648411
offspring_18_23,72.87999515
offspring_18_24,73.44636709
offspring_18_25,75.70895789
offspring_18_26,76.97208786
offspring_18_27,76.97208786
offspring_18_28,71.38598846
offspring_18_29,70.96131308
offspring_18_30,66.14757025
offspring_18_31,73.5656438
offspring_19_0,78.71113712
offspring_19_1,78.41903747
offspring_19_2,76.97208786
offspring_19_3,76.97208786
offspring_19_4,76.97208786
offspring_19_5,76.97208786
offspring_19_6,76.97208786
offspring_19_7,71.29834087
offspring_19_8,75.09404657
offspring_19_9,71.81244951
offspring_19_10,71.59648411
offspring_19_11,75.70895789
offspring_19_12,68.74711951
offspring_19_13,74.11075744
offspring_19_14,71.38598846
offspring_19_15,72.87999515
offspring_19_16,71.38542328
offspring_19_17,71.36538549
offspring_19_18,67.06552938
offspring_19_19,67.27128517
offspring_19_20,75.00503632
offspring_19_21,71.46499888
offspring_19_22,75.09404657
offspring_19_23,74.11075744
offspring_19_24,72.13134654
offspring_19_25,73.42258629
offspring_19_26,78.87818866
offspring_19_27,75.19866334
offspring_19_28,76.97208786
offspring_19_29,76.97208786
offspring_19_30,76.13749761
offspring_19_31,76.11287945
offspring_20_0,78.87818866
offspring_20_1,78.71113712
offspring_20_2,78.41903747
offspring_20_3,76.97208786
offspring_20_4,76.97208786
offspring_20_5,76.97208786
offspring_20_6,76.97208786
offspring_20_7,73.42258629
offspring_20_8,76.97208786
offspring_20_9,76.97208786
offspring_20_10,74.11075744
offspring_20_11,75.09404657
offspring_20_12,74.59866334
offspring_20_13,75.19866334
offspring_20_14,76.13749761
offspring_20_15,72.87999515
offspring_20_16,69.84655953
offspring_20_17,75.93346856
offspring_20_18,75.55547754
offspring_20_19,76.1635998
offspring_20_20,74.49632635
offspring_20_21,73.90710113
offspring_20_22,73.03092353
offspring_20_23,78.49452679
offspring_20_24,76.97208786
offspring_20_25,75.19866334
offspring_20_26,74.94943395
offspring_20_27,71.5998249
offspring_20_28,74.63898164
offspring_20_29,71.59648411
offspring_20_30,81.28264766
offspring_20_31,78.57517033
offspring_21_0,81.28264766
offspring_21_1,78.87818866
offspring_21_2,78.71113712
offspring_21_3,78.57517033
offspring_21_4,78.49452679
offspring_21_5,78.41903747
offspring_21_6,76.97208786
offspring_21_7,72.87999515
offspring_21_8,75.55547754
offspring_21_9,76.97208786
offspring_21_10,73.90710113
offspring_21_11,76.97208786
offspring_21_12,75.93346856
offspring_21_13,74.59866334
offspring_21_14,74.49632635
offspring_21_15,76.97208786
offspring_21_16,76.57230284
offspring_21_17,77.14475997
offspring_21_18,78.07522754
offspring_21_19,80.39463428
offspring_21_20,76.8703958
offspring_21_21,77.32105199
offspring_21_22,75.58041816
offspring_21_23,73.66609456
offspring_21_24,77.03516756
offspring_21_25,72.54752692
offspring_21_26,78.55825142
offspring_21_27,76.8511763
offspring_21_28,76.92726028
offspring_21_29,74.60842045
offspring_21_30,75.55547754
offspring_21_31,77.83357605
offspring_22_0,81.28264766
offspring_22_1,80.39463428
offspring_22_2,78.87818866
offspring_22_3,78.71113712
offspring_22_4,78.57517033
offspring_22_5,78.55825142
offspring_22_6,78.49452679
offspring_22_7,77.03516756
offspring_22_8,75.93346856
offspring_22_9,78.41903747
offspring_22_10,77.14475997
offspring_22_11,76.97208786
offspring_22_12,77.32105199
offspring_22_13,78.07522754
offspring_22_14,76.97208786
offspring_22_15,73.90710113
offspring_22_16,72.87786619
offspring_22_17,75.97745705
offspring_22_18,79.41384685
offspring_22_19,77.23037916
offspring_22_20,73.3717654
offspring_22_21,78.72312373
offspring_22_22,76.47187288
offspring_22_23,75.65999376
offspring_22_24,77.50705085
offspring_22_25,81.12948978
offspring_22_26,80.42933201
offspring_22_27,77.45367799
offspring_22_28,76.95155597
offspring_22_29,78.28450443
offspring_22_30,74.29680657
offspring_22_31,79.46025901
offspring_23_0,81.28264766
offspring_23_1,81.12948978
offspring_23_2,80.42933201
offspring_23_3,80.39463428
offspring_23_4,79.46025901
offspring_23_5,79.41384685
offspring_23_6,78.87818866
offspring_23_7,78.28450443
offspring_23_8,78.55825142
offspring_23_9,75.93346856
offspring_23_10,78.41903747
offspring_23_11,77.45367799
offspring_23_12,76.97208786
offspring_23_13,78.57517033
offspring_23_14,77.14475997
offspring_23_15,77.03516756
offspring_23_16,76.39044052
offspring_23_17,81.21723791
offspring_23_18,80.84969921
offspring_23_19,78.18063314
offspring_23_20,76.51702294
offspring_23_21,77.41516618
offspring_23_22,78.87818866
offspring_23_23,77.03516756
offspring_23_24,79.55209341
offspring_23_25,77.80083563
offspring_23_26,79.41384685
offspring_23_27,77.14475997
offspring_23_28,78.42785493
offspring_23_29,81.23336107
offspring_23_30,78.12503077
offspring_23_31,73.52725334
offspring_24_0,81.28264766
offspring_24_1,81.23336107
offspring_24_2,81.21723791
offspring_24_3,81.12948978
offspring_24_4,80.84969921
offspring_24_5,80.42933201
offspring_24_6,80.39463428
offspring_24_7,78.87818866
offspring_24_8,78.42785493
offspring_24_9,79.46025901
offspring_24_10,78.55825142
offspring_24_11,77.14475997
offspring_24_12,78.41903747
offspring_24_13,78.57517033
offspring_24_14,73.52725334
offspring_24_15,77.03516756
offspring_24_16,77.03596332
offspring_24_17,78.67829614
offspring_24_18,76.7551048
offspring_24_19,80.04344064
offspring_24_20,77.97279
offspring_24_21,80.69686379
offspring_24_22,75.02916038
offspring_24_23,75.95246615
offspring_24_24,78.54349093
offspring_24_25,81.90689308
offspring_24_26,77.89839115
offspring_24_27,76.04774189
offspring_24_28,74.01892305
offspring_24_29,81.38498465
offspring_24_30,77.87283334
offspring_24_31,80.4498639
offspring_25_0,81.90689308
offspring_25_1,81.38498465
offspring_25_2,81.28264766
offspring_25_3,81.23336107
offspring_25_4,81.21723791
offspring_25_5,81.12948978
offspring_25_6,80.84969921
offspring_25_7,80.42933201
offspring_25_8,78.67829614
offspring_25_9,79.46025901
offspring_25_10,76.7551048
offspring_25_11,80.69686379
offspring_25_12,78.55825142
offspring_25_13,77.14475997
offspring_25_14,78.87818866
offspring_25_15,78.41903747
offspring_25_16,77.11177511
offspring_25_17,80.44954145
offspring_25_18,78.27786619
offspring_25_19,76.35123351
offspring_25_20,81.57813838
offspring_25_21,80.75808672
offspring_25_22,80.58471941
offspring_25_23,78.18058286
offspring_25_24,78.54604289
offspring_25_25,76.64031484
offspring_25_26,78.41903747
offspring_25_27,77.14475997
offspring_25_28,80.84969921
offspring_25_29,81.23336107
offspring_25_30,81.21723791
offspring_25_31,81.75410794
offspring_26_0,81.90689308
offspring_26_1,81.75410794
offspring_26_2,81.57813838
offspring_26_3,81.38498465
offspring_26_4,81.28264766
offspring_26_5,81.23336107
offspring_26_6,81.23336107
offspring_26_7,79.46025901
offspring_26_8,81.12948978
offspring_26_9,80.58471941
offspring_26_10,81.21723791
offspring_26_11,80.84969921
offspring_26_12,80.69686379
offspring_26_13,78.87818866
offspring_26_14,76.7551048
offspring_26_15,76.64031484
offspring_26_16,78.62529602
offspring_26_17,81.17273279
offspring_26_18,75.34263102
offspring_26_19,80.72519547
offspring_26_20,81.75410794
offspring_26_21,78.62529602
offspring_26_22,79.56185052
offspring_26_23,80.51675769
offspring_26_24,80.69686379
offspring_26_25,81.12948978
offspring_26_26,80.22344619
offspring_26_27,76.42556127
offspring_26_28,81.23336107
offspring_26_29,81.23336107
offspring_26_30,79.3006848
offspring_26_31,76.42969782
offspring_27_0,81.90689308
offspring_27_1,84.58046844
offspring_27_2,81.75410794
offspring_27_3,81.57813838
offspring_27_4,81.38498465
offspring_27_5,81.28264766
offspring_27_6,81.23336107
offspring_27_7,81.21723791
offspring_27_8,80.69686379
offspring_27_9,81.23336107
offspring_27_10,81.23336107
offspring_27_11,79.46025901
offspring_27_12,81.23336107
offspring_27_13,80.72519547
offspring_27_14,80.22344619
offspring_27_15,76.7551048
offspring_27_16,76.64031484
offspring_27_17,76.64031484
offspring_27_18,81.23336107
offspring_27_19,81.75410794
offspring_27_20,81.23336107
offspring_27_21,80.69686379
offspring_27_22,81.90689308
offspring_27_23,80.6620655
offspring_27_24,81.90689308
offspring_27_25,81.23336107
offspring_27_26,80.01946742
offspring_27_27,78.59696434
offspring_27_28,81.30917286
offspring_27_29,81.99654826
offspring_27_30,81.23336107
offspring_27_31,86.01510896
offspring_28_0,83.84757026
offspring_28_1,84.58046844
offspring_28_2,81.99654826
offspring_28_3,81.90689308
offspring_28_4,81.90689308
offspring_28_5,81.90689308
offspring_28_6,81.75410794
offspring_28_7,81.28264766
offspring_28_8,81.30917286
offspring_28_9,81.23336107
offspring_28_10,80.01946742
offspring_28_11,81.38498465
offspring_28_12,81.23336107
offspring_28_13,81.57813838
offspring_28_14,80.72519547
offspring_28_15,81.75410794
offspring_28_16,80.22344619
offspring_28_17,81.57813838
offspring_28_18,81.75410794
offspring_28_19,84.58046844
offspring_28_20,81.91325914
offspring_28_21,81.05813699
offspring_28_22,81.90689308
offspring_28_23,81.90689308
offspring_28_24,81.88636119
offspring_28_25,85.18269795
offspring_28_26,81.30917286
offspring_28_27,81.23336107
offspring_28_28,84.15351329
offspring_28_29,81.38498465
offspring_28_30,80.72519547
offspring_28_31,83.5064562
offspring_29_0,85.18269795
offspring_29_1,84.58046844
offspring_29_2,84.58046844
offspring_29_3,84.15351329
offspring_29_4,83.84757026
offspring_29_5,83.5064562
offspring_29_6,81.99654826
offspring_29_7,81.30917286
offspring_29_8,81.90689308
offspring_29_9,81.75410794
offspring_29_10,81.90689308
offspring_29_11,81.23336107
offspring_29_12,81.90689308
offspring_29_13,81.38498465
offspring_29_14,81.05813699
offspring_29_15,81.57813838
offspring_29_16,81.71903747
offspring_29_17,84.02720306
offspring_29_18,84.33319637
offspring_29_19,81.66370729
offspring_29_20,81.90689308
offspring_29_21,81.90689308
offspring_29_22,82.37617413
offspring_29_23,80.19288501
offspring_29_24,81.05813699
offspring_29_25,81.38498465
offspring_29_26,84.39892859
offspring_29_27,83.31664326
offspring_29_28,82.56004404
offspring_29_29,83.42306652
offspring_29_30,81.99654826
offspring_29_31,84.26434528
offspring_30_0,85.18269795
offspring_30_1,84.58046844
offspring_30_2,84.58046844
offspring_30_3,84.39892859
offspring_30_4,84.33319637
offspring_30_5,84.26434528
offspring_30_6,84.15351329
offspring_30_7,83.5064562
offspring_30_8,83.84757026
offspring_30_9,81.90689308
offspring_30_10,84.02720306
offspring_30_11,81.38498465
offspring_30_12,83.31664326
offspring_30_13,81.38498465
offspring_30_14,82.56004404
offspring_30_15,81.23336107
offspring_30_16,80.19288501
offspring_30_17,81.38498465
offspring_30_18,84.05400045
offspring_30_19,83.68205302
offspring_30_20,84.65018637
offspring_30_21,81.85617274
offspring_30_22,83.1168513
offspring_30_23,82.04365562
offspring_30_24,83.59834087
offspring_30_25,84.4882613
offspring_30_26,82.56004404
offspring_30_27,84.58046844
offspring_30_28,81.74311125
offspring_30_29,84.46168583
offspring_30_30,83.91102269
offspring_30_31,86.56604427
offspring_31_0,86.56604427
offspring_31_1,85.18269795
offspring_31_2,84.65018637
offspring_31_3,84.58046844
offspring_31_4,84.58046844
offspring_31_5,84.58046844
offspring_31_6,84.4882613
offspring_31_7,82.56004404
offspring_31_8,83.31664326
offspring_31_9,84.46168583
offspring_31_10,81.38498465
offspring_31_11,81.85617274
offspring_31_12,84.39892859
offspring_31_13,84.33319637
offspring_31_14,83.5064562
offspring_31_15,83.59834087
offspring_31_16,84.40672839
offspring_31_17,83.75372826
offspring_31_18,82.21521645
offspring_31_19,82.30487162
offspring_31_20,84.26783689
offspring_31_21,84.9376051
offspring_31_22,82.01472929
offspring_31_23,85.50030512
offspring_31_24,86.56604427
offspring_31_25,84.39892859
offspring_31_26,84.57377992
offspring_31_27,85.40720862
offspring_31_28,84.525511
offspring_31_29,83.77861861
offspring_31_30,83.65743486
offspring_31_31,83.17495536
offspring_32_0,86.56604427
offspring_32_1,86.56604427
offspring_32_2,85.50030512
offspring_32_3,85.40720862
offspring_32_4,85.18269795
offspring_32_5,84.9376051
offspring_32_6,84.65018637
offspring_32_7,84.525511
offspring_32_8,84.46168583
offspring_32_9,84.4882613
offspring_32_10,83.77861861
offspring_32_11,84.39892859
offspring_32_12,84.58046844
offspring_32_13,83.31664326
offspring_32_14,84.58046844
offspring_32_15,82.30487162
offspring_32_16,83.77713458
offspring_32_17,83.95399352
offspring_32_18,83.08106309
offspring_32_19,82.47457568
offspring_32_20,85.37018083
offspring_32_21,84.76582237
offspring_32_22,83.97224562
offspring_32_23,85.09135764
offspring_32_24,85.71037777
offspring_32_25,86.26604428
offspring_32_26,87.89909329
offspring_32_27,85.40720862
offspring_32_28,84.51320192
offspring_32_29,83.02709558
offspring_32_30,81.21892305
offspring_32_31,84.66026595
offspring_33_0,87.89909329
offspring_33_1,86.56604427
offspring_33_2,86.56604427
offspring_33_3,86.26604428
offspring_33_4,85.71037777
offspring_33_5,85.50030512
offspring_33_6,85.40720862
offspring_33_7,84.4882613
offspring_33_8,85.40720862
offspring_33_9,84.39892859
offspring_33_10,85.18269795
offspring_33_11,84.525511
offspring_33_12,84.51320192
offspring_33_13,84.76582237
offspring_33_14,83.02709558
offspring_33_15,84.58046844
offspring_33_16,82.45775732
offspring_33_17,83.51277197
offspring_33_18,85.63134654
offspring_33_19,86.14805742
offspring_33_20,84.82959727
offspring_33_21,84.00290737
offspring_33_22,87.19883497
offspring_33_23,83.64108979
offspring_33_24,83.14931953
offspring_33_25,86.8029143
offspring_33_26,83.27627468
offspring_33_27,84.1724606
offspring_33_28,84.60258491
offspring_33_29,83.57208787
offspring_33_30,84.39892859
offspring_33_31,88.1785614
offspring_34_0,88.1785614
offspring_34_1,87.89909329
offspring_34_2,87.19883497
offspring_34_3,86.8029143
offspring_34_4,86.56604427
offspring_34_5,86.56604427
offspring_34_6,86.26604428
offspring_34_7,84.51320192
offspring_34_8,84.76582237
offspring_34_9,84.82959727
offspring_34_10,85.71037777
offspring_34_11,85.40720862
offspring_34_12,86.14805742
offspring_34_13,85.63134654
offspring_34_14,84.00290737
offspring_34_15,84.39892859
offspring_34_16,85.36832406
offspring_34_17,87.85993655
offspring_34_18,86.3090151
offspring_34_19,83.29484925
offspring_34_20,86.46130615
offspring_34_21,85.53151124
offspring_34_22,86.60079229
offspring_34_23,87.54789966
offspring_34_24,84.2830204
offspring_34_25,83.80046289
offspring_34_26,85.40720862
offspring_34_27,84.00290737
offspring_34_28,86.56604427
offspring_34_29,84.39892859
offspring_34_30,86.68854042
offspring_34_31,86.8071514
offspring_35_0,88.1785614
offspring_35_1,87.89909329
offspring_35_2,87.85993655
offspring_35_3,87.54789966
offspring_35_4,87.19883497
offspring_35_5,86.8071514
offspring_35_6,86.8029143
offspring_35_7,86.56604427
offspring_35_8,86.56604427
offspring_35_9,85.53151124
offspring_35_10,86.56604427
offspring_35_11,85.40720862
offspring_35_12,86.60079229
offspring_35_13,86.68854042
offspring_35_14,84.00290737
offspring_35_15,84.82959727
offspring_35_16,86.27617413
offspring_35_17,85.92121669
offspring_35_18,87.38079783
offspring_35_19,85.99680657
offspring_35_20,86.47410932
offspring_35_21,86.06805881
offspring_35_22,85.64974949
offspring_35_23,87.45443041
offspring_35_24,84.00290737
offspring_35_25,85.27453234
offspring_35_26,85.00895789
offspring_35_27,87.2498067
offspring_35_28,85.39256948
offspring_35_29,86.23999238
offspring_35_30,86.56604427
offspring_35_31,86.67023803
offspring_36_0,88.1785614
offspring_36_1,87.89909329
offspring_36_2,87.85993655
offspring_36_3,87.54789966
offspring_36_4,87.45443041
offspring_36_5,87.38079783
offspring_36_6,87.2498067
offspring_36_7,86.47410932
offspring_36_8,86.56604427
offspring_36_9,86.56604427
offspring_36_10,86.68854042
offspring_36_11,85.99680657
offspring_36_12,86.56604427
offspring_36_13,84.00290737
offspring_36_14,85.39256948
offspring_36_15,86.67023803
offspring_36_16,87.21277891
offspring_36_17,84.31729512
offspring_36_18,87.81565333
offspring_36_19,85.72954699
offspring_36_20,87.24163416
offspring_36_21,88.164295
offspring_36_22,87.08052565
offspring_36_23,86.30269933
offspring_36_24,86.94975642
offspring_36_25,85.10297152
offspring_36_26,88.50917286
offspring_36_27,86.26386505
offspring_36_28,86.58026039
offspring_36_29,86.30896483
offspring_36_30,85.99680657
offspring_36_31,83.32746832
offspring_37_0,88.50917286
offspring_37_1,88.1785614
offspring_37_2,88.164295
offspring_37_3,87.89909329
offspring_37_4,87.85993655
offspring_37_5,87.81565333
offspring_37_6,87.54789966
offspring_37_7,87.45443041
offspring_37_8,87.2498067
offspring_37_9,87.38079783
offspring_37_10,86.58026039
offspring_37_11,86.26386505
offspring_37_12,85.10297152
offspring_37_13,87.24163416
offspring_37_14,87.08052565
offspring_37_15,86.56604427
offspring_37_16,86.35825142
offspring_37_17,87.54789966
offspring_37_18,86.58026039
offspring_37_19,87.36222326
offspring_37_20,86.51282225
offspring_37_21,88.14381339
offspring_37_22,86.27236005
offspring_37_23,85.4415336
offspring_37_24,87.89909329
offspring_37_25,87.54789966
offspring_37_26,87.08052565
offspring_37_27,87.2498067
offspring_37_28,87.20705779
offspring_37_29,88.56603734
offspring_37_30,85.50530851
offspring_37_31,87.40110782
offspring_38_0,88.56603734
offspring_38_1,92.03363326
offspring_38_2,88.1785614
offspring_38_3,88.164295
offspring_38_4,88.14381339
offspring_38_5,87.89909329
offspring_38_6,87.89909329
offspring_38_7,87.38079783
offspring_38_8,87.54789966
offspring_38_9,87.81565333
offspring_38_10,86.26386505
offspring_38_11,86.51282225
offspring_38_12,87.45443041
offspring_38_13,86.58026039
offspring_38_14,87.54789966
offspring_38_15,87.2498067
offspring_38_16,86.40481441
offspring_38_17,87.95617968
offspring_38_18,87.59309998
offspring_38_19,87.98679115
offspring_38_20,85.07441792
offspring_38_21,86.40062759
offspring_38_22,85.79718625
offspring_38_23,85.22943257
offspring_38_24,88.59697128
offspring_38_25,86.80710113
offspring_38_26,88.07899828
offspring_38_27,83.28863404
offspring_38_28,88.54773496
offspring_38_29,88.00105754
offspring_38_30,86.13755483
offspring_38_31,86.88960143
offspring_39_0,92.03363326
offspring_39_1,88.59697128
offspring_39_2,88.56603734
offspring_39_3,88.54773496
offspring_39_4,88.1785614
offspring_39_5,88.164295
offspring_39_6,88.14381339
offspring_39_7,87.98679115
offspring_39_8,86.51282225
offspring_39_9,88.00105754
offspring_39_10,88.07899828
offspring_39_11,86.40062759
offspring_39_12,87.95617968
offspring_39_13,87.54789966
offspring_39_14,86.40481441
offspring_39_15,86.58026039
offspring_39_16,87.28291986
offspring_39_17,88.42382587
offspring_39_18,88.59697128
offspring_39_19,86.51282225
offspring_39_20,91.19463429
offspring_39_21,89.64212825
offspring_39_22,88.56603734
offspring_39_23,88.1785614
offspring_39_24,87.76010125
offspring_39_25,87.47055356
offspring_39_26,83.6147865
offspring_39_27,87.18694891
offspring_39_28,86.31292974
offspring_39_29,85.60132973
offspring_39_30,88.22338898
offspring_39_31,88.84582792
offspring_40_0,92.03363326
offspring_40_1,91.19463429
offspring_40_2,89.64212825
offspring_40_3,88.84582792
offspring_40_4,88.59697128
offspring_40_5,88.59697128
offspring_40_6,88.56603734
offspring_40_7,88.1785614
offspring_40_8,87.95617968
offspring_40_9,88.42382587
offspring_40_10,88.164295
offspring_40_11,88.07899828
offspring_40_12,86.58026039
offspring_40_13,88.1785614
offspring_40_14,88.22338898
offspring_40_15,85.60132973
offspring_40_16,87.26652451
offspring_40_17,88.63602746
offspring_40_18,87.12540351
offspring_40_19,89.72769716
offspring_40_20,87.06004404
offspring_40_21,86.30334426
offspring_40_22,88.6111874
offspring_40_23,86.81935993
offspring_40_24,88.164295
offspring_40_25,87.26652451
offspring_40_26,88.79054801
offspring_40_27,89.62328149
offspring_40_28,86.13755483
offspring_40_29,88.59305664
offspring_40_30,88.84582792
offspring_40_31,90.46074617
offspring_41_0,92.03363326
offspring_41_1,91.19463429
offspring_41_2,90.46074617
offspring_41_3,89.72769716
offspring_41_4,89.64212825
offspring_41_5,89.62328149
offspring_41_6,88.84582792
offspring_41_7,88.59697128
offspring_41_8,88.79054801
offspring_41_9,88.22338898
offspring_41_10,88.63602746
offspring_41_11,88.84582792
offspring_41_12,88.59697128
offspring_41_13,88.1785614
offspring_41_14,86.30334426
offspring_41_15,86.58026039
offspring_41_16,88.61908774
offspring_41_17,88.49909329
offspring_41_18,89.34381339
offspring_41_19,85.29724346
offspring_41_20,86.58026039
offspring_41_21,92.03363326
offspring_41_22,87.37458262
offspring_41_23,89.11898026
offspring_41_24,88.1785614
offspring_41_25,88.59697128
offspring_41_26,88.77437457
offspring_41_27,89.18270487
offspring_41_28,88.79054801
offspring_41_29,89.64212825
offspring_41_30,90.27915605
offspring_41_31,91.10366672
offspring_42_0,92.03363326
offspring_42_1,92.03363326
offspring_42_2,91.19463429
offspring_42_3,91.10366672
offspring_42_4,90.46074617
offspring_42_5,90.27915605
offspring_42_6,89.72769716
offspring_42_7,88.79054801
offspring_42_8,86.58026039
offspring_42_9,89.64212825
offspring_42_10,88.77437457
offspring_42_11,89.11898026
offspring_42_12,88.93961963
offspring_42_13,89.62328149
offspring_42_14,89.64212825
offspring_42_15,88.61908774
offspring_42_16,88.90705085
offspring_42_17,88.37867582
offspring_42_18,90.79893552
offspring_42_19,89.56478216
offspring_42_20,89.34381339
offspring_42_21,88.79054801
offspring_42_22,91.01930965
offspring_42_23,89.43564778
offspring_42_24,88.75258057
offspring_42_25,91.08090533
offspring_42_26,88.61935993
offspring_42_27,88.90677866
offspring_42_28,86.56795132
offspring_42_29,89.32833516
offspring_42_30,90.86870374
offspring_42_31,87.98879874
offspring_43_0,92.03363326
offspring_43_1,92.03363326
offspring_43_2,91.19463429
offspring_43_3,91.10366672
offspring_43_4,91.08090533
offspring_43_5,91.01930965
offspring_43_6,90.86870374
offspring_43_7,89.32833516
offspring_43_8,89.43564778
offspring_43_9,88.93961963
offspring_43_10,89.62328149
offspring_43_11,88.79054801
offspring_43_12,90.79893552
offspring_43_13,90.27915605
offspring_43_14,90.46074617
offspring_43_15,88.61935993
offspring_43_16,86.97851112
offspring_43_17,87.56716943
offspring_43_18,90.44870928
offspring_43_19,88.62637091
offspring_43_20,90.51941714
offspring_43_21,88.20540906
offspring_43_22,92.03363326
offspring_43_23,89.62328149
offspring_43_24,92.03363326
offspring_43_25,88.93961963
offspring_43_26,86.6928278
offspring_43_27,89.86418751
offspring_43_28,88.11919523
offspring_43_29,89.41162428
offspring_43_30,86.68673393
offspring_43_31,89.33994903
offspring_44_0,92.03363326
offspring_44_1,92.03363326
offspring_44_2,92.03363326
offspring_44_3,92.03363326
offspring_44_4,91.19463429
offspring_44_5,91.10366672
offspring_44_6,91.08090533
offspring_44_7,90.27915605
offspring_44_8,88.79054801
offspring_44_9,88.93961963
offspring_44_10,88.61935993
offspring_44_11,90.44870928
offspring_44_12,89.62328149
offspring_44_13,90.86870374
offspring_44_14,89.33994903
offspring_44_15,89.32833516
offspring_44_16,89.66020873
offspring_44_17,89.39904301
offspring_44_18,89.82976196
offspring_44_19,88.22715279
offspring_44_20,89.66020873
offspring_44_21,88.61935993
offspring_44_22,90.21342383
offspring_44_23,89.70981779
offspring_44_24,91.10366672
offspring_44_25,89.32833516
offspring_44_26,88.24359842
offspring_44_27,89.24207105
offspring_44_28,92.03363326
offspring_44_29,92.03363326
offspring_44_30,88.02037759
offspring_44_31,92.35443733
offspring_45_0,92.35443733
offspring_45_1,92.03363326
offspring_45_2,92.03363326
offspring_45_3,92.03363326
offspring_45_4,92.03363326
offspring_45_5,92.03363326
offspring_45_6,92.03363326
offspring_45_7,91.10366672
offspring_45_8,89.62328149
offspring_45_9,90.86870374
offspring_45_10,89.66020873
offspring_45_11,89.24207105
offspring_45_12,91.10366672
offspring_45_13,90.27915605
offspring_45_14,90.44870928
offspring_45_15,89.33994903
offspring_45_16,90.21342383
offspring_45_17,91.10366672
offspring_45_18,91.22425582
offspring_45_19,89.18530712
offspring_45_20,87.90890068
offspring_45_21,89.23384823
offspring_45_22,91.65623689
offspring_45_23,88.26440249
offspring_45_24,91.41533087
offspring_45_25,88.48482689
offspring_45_26,92.03363326
offspring_45_27,92.03363326
offspring_45_28,92.05443734
offspring_45_29,91.64174858
offspring_45_30,91.10366672
offspring_45_31,90.26870373
offspring_46_0,92.35443733
offspring_46_1,92.05443734
offspring_46_2,92.03363326
offspring_46_3,92.03363326
offspring_46_4,92.03363326
offspring_46_5,92.03363326
offspring_46_6,92.03363326
offspring_46_7,91.10366672
offspring_46_8,92.03363326
offspring_46_9,91.64174858
offspring_46_10,92.03363326
offspring_46_11,92.03363326
offspring_46_12,90.21342383
offspring_46_13,88.48482689
offspring_46_14,90.44870928
offspring_46_15,91.10366672
offspring_46_16,89.1545951
offspring_46_17,92.08069035
offspring_46_18,92.55846639
offspring_46_19,91.64174858
offspring_46_20,92.03363326
offspring_46_21,92.03363326
offspring_46_22,91.85803644
offspring_46_23,88.90992528
offspring_46_24,92.08913507
offspring_46_25,89.38891316
offspring_46_26,91.41119433
offspring_46_27,88.43586277
offspring_46_28,90.83586276
offspring_46_29,88.52589068
offspring_46_30,91.23156152
offspring_46_31,89.06684697
offspring_47_0,92.55846639
offspring_47_1,92.35443733
offspring_47_2,92.08913507
offspring_47_3,92.08069035
offspring_47_4,92.05443734
offspring_47_5,92.03363326
offspring_47_6,92.03363326
offspring_47_7,91.23156152
offspring_47_8,91.10366672
offspring_47_9,91.64174858
offspring_47_10,92.03363326
offspring_47_11,92.03363326
offspring_47_12,91.41119433
offspring_47_13,92.03363326
offspring_47_14,88.48482689
offspring_47_15,92.03363326
offspring_47_16,89.47708431
offspring_47_17,91.86680363
offspring_47_18,91.41119433
offspring_47_19,92.08069035
offspring_47_20,91.70111475
offspring_47_21,92.06043065
offspring_47_22,89.61315164
offspring_47_23,89.60770271
offspring_47_24,92.03363326
offspring_47_25,92.03363326
offspring_47_26,92.03363326
offspring_47_27,92.03363326
offspring_47_28,89.47708431
offspring_47_29,91.23156152
offspring_47_30,92.05225811
offspring_47_31,90.92175413
offspring_48_0,92.55846639
offspring_48_1,92.35443733
offspring_48_2,92.08913507
offspring_48_3,92.08069035
offspring_48_4,92.08069035
offspring_48_5,92.06043065
offspring_48_6,92.05443734
offspring_48_7,91.64174858
offspring_48_8,89.60770271
offspring_48_9,92.03363326
offspring_48_10,92.03363326
offspring_48_11,92.03363326
offspring_48_12,92.05225811
offspring_48_13,92.03363326
offspring_48_14,91.86680363
offspring_48_15,92.03363326
offspring_48_16,88.47219535
offspring_48_17,91.16674642
offspring_48_18,92.08069035
offspring_48_19,92.03363326
offspring_48_20,92.23820669
offspring_48_21,91.8946915
offspring_48_22,91.55645187
offspring_48_23,92.04185607
offspring_48_24,91.86680363
offspring_48_25,92.03363326
offspring_48_26,92.03363326
offspring_48_27,89.60770271
offspring_48_28,93.05645186
offspring_48_29,87.58232521
offspring_48_30,92.06043065
offspring_48_31,92.87072519
offspring_49_0,93.05645186
offspring_49_1,92.87072519
offspring_49_2,92.55846639
offspring_49_3,92.35443733
offspring_49_4,92.23820669
offspring_49_5,92.08913507
offspring_49_6,92.08069035
offspring_49_7,92.08069035
offspring_49_8,92.04185607
offspring_49_9,92.08069035
offspring_49_10,92.03363326
offspring_49_11,92.05225811
offspring_49_12,92.03363326
offspring_49_13,91.8946915
offspring_49_14,92.06043065
offspring_49_15,92.06043065
offspring_49_16,91.34234324
offspring_49_17,91.25231532
offspring_49_18,92.23820669
offspring_49_19,92.06043065
offspring_49_20,92.47666129
offspring_49_21,91.04833654
offspring_49_22,93.00743746
offspring_49_23,91.01304415
offspring_49_24,92.08069035
offspring_49_25,92.03363326
offspring_49_26,91.92721
offspring_49_27,90.82796242
offspring_49_28,93.21718764
offspring_49_29,91.59533642
offspring_49_30,93.05645186
offspring_49_31,91.57289748
offspring_50_0,93.21718764
offspring_50_1,93.05645186
offspring_50_2,93.05645186
offspring_50_3,93.00743746
offspring_50_4,92.87072519
offspring_50_5,92.55846639
offspring_50_6,92.47666129
offspring_50_7,91.92721
offspring_50_8,92.06043065
offspring_50_9,92.06043065
offspring_50_10,92.08069035
offspring_50_11,92.08069035
offspring_50_12,92.08069035
offspring_50_13,92.08069035
offspring_50_14,92.23820669
offspring_50_15,91.25231532
offspring_50_16,92.35443733
offspring_50_17,93.05645186
offspring_50_18,92.06043065
offspring_50_19,93.00743746
offspring_50_20,92.47666129
offspring_50_21,92.55846639
offspring_50_22,91.83151124
offspring_50_23,90.91130182
offspring_50_24,91.85422236
offspring_50_25,91.45825142
offspring_50_26,92.45672405
offspring_50_27,91.48259739
offspring_50_28,92.01178898
offspring_50_29,92.95634438
offspring_50_30,92.77279694
offspring_50_31,91.66827378
offspring_51_0,93.21718764
offspring_51_1,93.05645186
offspring_51_2,93.05645186
offspring_51_3,93.05645186
offspring_51_4,93.00743746
offspring_51_5,93.00743746
offspring_51_6,92.95634438
offspring_51_7,91.83151124
offspring_51_8,92.06043065
offspring_51_9,91.85422236
offspring_51_10,92.77279694
offspring_51_11,92.55846639
offspring_51_12,92.47666129
offspring_51_13,92.06043065
offspring_51_14,92.23820669
offspring_51_15,92.47666129
offspring_51_16,92.94212826
offspring_51_17,91.50149443
offspring_51_18,92.06043065
offspring_51_19,92.77279694
offspring_51_20,92.47666129
offspring_51_21,93.00743746
offspring_51_22,90.45628717
offspring_51_23,92.21735233
offspring_51_24,92.06043065
offspring_51_25,93.10945198
offspring_51_26,90.67066799
offspring_51_27,92.14414278
offspring_51_28,93.5743243
offspring_51_29,92.45835891
offspring_51_30,91.66604428
offspring_51_31,93.48090532
offspring_52_0,93.5743243
offspring_52_1,95.26037343
offspring_52_2,93.21718764
offspring_52_3,93.10945198
offspring_52_4,93.05645186
offspring_52_5,93.05645186
offspring_52_6,93.05645186
offspring_52_7,92.23820669
offspring_52_8,92.77279694
offspring_52_9,92.14414278
offspring_52_10,92.55846639
offspring_52_11,91.66604428
offspring_52_12,92.94212826
offspring_52_13,92.47666129
offspring_52_14,93.00743746
offspring_52_15,90.15623689
offspring_52_16,93.00743746
offspring_52_17,93.10945198
offspring_52_18,92.47666129
offspring_52_19,93.00743746
offspring_52_20,91.33783394
offspring_52_21,91.3091798
offspring_52_22,92.68918535
offspring_52_23,92.92382587
offspring_52_24,92.98286958
offspring_52_25,91.46456719
offspring_52_26,91.67671851
offspring_52_27,93.303079
offspring_52_28,90.6296042
offspring_52_29,93.25825141
offspring_52_30,93.48090532
offspring_52_31,92.09968794
offspring_53_0,95.26037343
offspring_53_1,93.5743243
offspring_53_2,93.48090532
offspring_53_3,93.303079
offspring_53_4,93.25825141
offspring_53_5,93.21718764
offspring_53_6,93.10945198
offspring_53_7,92.09968794
offspring_53_8,92.47666129
offspring_53_9,93.00743746
offspring_53_10,92.55846639
offspring_53_11,93.00743746
offspring_53_12,91.46456719
offspring_53_13,92.68918535
offspring_53_14,93.05645186
offspring_53_15,92.77279694
offspring_53_16,92.85024358
offspring_53_17,92.22027704
offspring_53_18,92.44027843
offspring_53_19,92.69517866
offspring_53_20,92.703079
offspring_53_21,93.71353826
offspring_53_22,91.83597025
offspring_53_23,91.75379241
offspring_53_24,92.64594234
offspring_53_25,95.21772507
offspring_53_26,92.83384823
offspring_53_27,93.86048092
offspring_53_28,92.2114093
offspring_53_29,91.69730067
offspring_53_30,93.00743746
offspring_53_31,92.88090533
offspring_54_0,95.26037343
offspring_54_1,95.21772507
offspring_54_2,93.86048092
offspring_54_3,93.00112169
offspring_54_4,93.5743243
offspring_54_5,93.48090532
offspring_54_6,93.303079
offspring_54_7,93.05645186
offspring_54_8,92.85024358
offspring_54_9,92.09968794
offspring_54_10,92.83384823
offspring_54_11,93.21718764
offspring_54_12,93.00743746
offspring_54_13,92.77279694
offspring_54_14,92.703079
offspring_54_15,92.68918535
offspring_54_16,92.15640158
offspring_54_17,92.95438706
offspring_54_18,92.89725039
offspring_54_19,94.50149443
offspring_54_20,92.40944505
offspring_54_21,94.62971169
offspring_54_22,90.74964893
offspring_54_23,92.60143722
offspring_54_24,92.72366117
offspring_54_25,90.78127807
offspring_54_26,93.91092907
offspring_54_27,91.03226366
offspring_54_28,93.00743746
offspring_54_29,92.15640158
offspring_54_30,92.703079
offspring_54_31,93.72817739
offspring_55_0,95.26037343
offspring_55_1,95.21772507
offspring_55_2,94.62971169
offspring_55_3,94.50149443
offspring_55_4,93.91092907
offspring_55_5,93.86048092
offspring_55_6,93.72817739
offspring_55_7,92.40944505
offspring_55_8,93.48090532
offspring_55_9,93.303079
offspring_55_10,93.00112169
offspring_55_11,93.00743746
offspring_55_12,92.68918535
offspring_55_13,93.00743746
offspring_55_14,90.78127807
offspring_55_15,92.95438706
offspring_55_16,93.40323677
offspring_55_17,93.88509908
offspring_55_18,93.99942269
offspring_55_19,94.0319412
offspring_55_20,91.79894246
offspring_55_21,92.66238796
offspring_55_22,92.50355923
offspring_55_23,93.92138139
offspring_55_24,92.58907786
offspring_55_25,92.73619216
offspring_55_26,92.95438706
offspring_55_27,90.78127807
offspring_55_28,92.93608467
offspring_55_29,93.72562542
offspring_55_30,93.18689863
offspring_55_31,92.61718763
offspring_56_0,95.26037343
offspring_56_1,95.21772507
offspring_56_2,94.62971169
offspring_56_3,94.50149443
offspring_56_4,94.0319412
offspring_56_5,93.99942269
offspring_56_6,93.92138139
offspring_56_7,93.00743746
offspring_56_8,92.95438706
offspring_56_9,93.18689863
offspring_56_10,93.86048092
offspring_56_11,92.58907786
offspring_56_12,92.66238796
offspring_56_13,93.40323677
offspring_56_14,93.00112169
offspring_56_15,93.303079
offspring_56_16,91.92366811
offspring_56_17,92.96870373
offspring_56_18,92.66865346
offspring_56_19,93.56010818
offspring_56_20,95.26037343
offspring_56_21,93.86048092
offspring_56_22,93.303079
offspring_56_23,93.18689863
offspring_56_24,92.61523032
offspring_56_25,93.50361644
offspring_56_26,92.66238796
offspring_56_27,93.99942269
offspring_56_28,92.95438706
offspring_56_29,95.21772507
offspring_56_30,92.34207798
offspring_56_31,93.18870512
offspring_57_0,95.26037343
offspring_57_1,95.26037343
offspring_57_2,95.21772507
offspring_57_3,95.21772507
offspring_57_4,94.62971169
offspring_57_5,94.50149443
offspring_57_6,94.0319412
offspring_57_7,93.99942269
offspring_57_8,93.18870512
offspring_57_9,93.50361644
offspring_57_10,93.303079
offspring_57_11,93.00743746
offspring_57_12,92.95438706
offspring_57_13,93.40323677
offspring_57_14,93.56010818
offspring_57_15,93.86048092
offspring_57_16,93.99942269
offspring_57_17,93.00743746
offspring_57_18,94.0319412
offspring_57_19,93.18870512
offspring_57_20,93.25379241
offspring_57_21,93.36244517
offspring_57_22,94.50149443
offspring_57_23,95.21772507
offspring_57_24,93.50361644
offspring_57_25,95.26037343
offspring_57_26,95.26037343
offspring_57_27,95.21772507
offspring_57_28,91.51375323
offspring_57_29,93.63597025
offspring_57_30,93.99942269
offspring_57_31,95.12774744
offspring_58_0,95.26037343
offspring_58_1,95.26037343
offspring_58_2,95.26037343
offspring_58_3,95.26037343
offspring_58_4,95.21772507
offspring_58_5,95.21772507
offspring_58_6,95.21772507
offspring_58_7,94.46706888
offspring_58_8,94.50149443
offspring_58_9,93.63597025
offspring_58_10,93.40323677
offspring_58_11,93.86048092
offspring_58_12,94.62971169
offspring_58_13,95.21772507
offspring_58_14,93.99942269
offspring_58_15,93.00743746
offspring_58_16,93.50361644
offspring_58_17,95.21772507
offspring_58_18,95.21772507
offspring_58_19,95.26037343
offspring_58_20,95.26037343
offspring_58_21,95.21772507
offspring_58_22,94.0319412
offspring_58_23,93.63597025
offspring_58_24,94.25013609
offspring_58_25,95.06865345
offspring_58_26,93.50361644
offspring_58_27,95.26037343
offspring_58_28,93.77077547
offspring_58_29,92.07915605
offspring_58_30,93.63210589
offspring_58_31,93.04000624
offspring_59_0,95.26037343
offspring_59_1,95.26037343
offspring_59_2,95.26037343
offspring_59_3,95.26037343
offspring_59_4,95.26037343
offspring_59_5,95.26037343
offspring_59_6,95.26037343
offspring_59_7,95.21772507
offspring_59_8,94.0319412
offspring_59_9,94.62971169
offspring_59_10,93.04000624
offspring_59_11,93.50361644
offspring_59_12,94.25013609
offspring_59_13,95.21772507
offspring_59_14,93.63597025
offspring_59_15,95.21772507
offspring_59_16,95.21772507
offspring_59_17,95.26037343
offspring_59_18,95.26037343
offspring_59_19,95.21772507
offspring_59_20,95.26037343
offspring_59_21,95.26037343
offspring_59_22,93.63597025
offspring_59_23,95.26037343
offspring_59_24,93.04000624
offspring_59_25,95.26037343
offspring_59_26,94.68471941
offspring_59_27,94.49517866
offspring_59_28,95.21772507
offspring_59_29,95.21772507
offspring_59_30,94.21984709
offspring_59_31,94.50149443
offspring_60_0,95.26037343
offspring_60_1,95.26037343
offspring_60_2,95.26037343
offspring_60_3,95.26037343
offspring_60_4,95.26037343
offspring_60_5,95.26037343
offspring_60_6,95.26037343
offspring_60_7,94.62971169
offspring_60_8,95.21772507
offspring_60_9,94.50149443
offspring_60_10,95.21772507
offspring_60_11,95.26037343
offspring_60_12,95.21772507
offspring_60_13,95.26037343
offspring_60_14,95.26037343
offspring_60_15,93.04000624
offspring_60_16,93.88891316
offspring_60_17,94.96478216
offspring_60_18,94.35438012
offspring_60_19,94.82551794
offspring_60_20,95.26037343
offspring_60_21,95.26037343
offspring_60_22,94.50149443
offspring_60_23,95.21772507
offspring_60_24,95.26037343
offspring_60_25,95.26037343
offspring_60_26,95.26037343
offspring_60_27,95.26037343
offspring_60_28,94.51348104
offspring_60_29,93.3258404
offspring_60_30,95.26037343
offspring_60_31,95.26037343
